123vidz.com,Arts_and_Entertainment
5starvidz.com,Arts_and_Entertainment
720pizle.com,Arts_and_Entertainment
actorsaccess.com,Arts_and_Entertainment
aflamonlinee.org,Arts_and_Entertainment
alaan.tv,Arts_and_Entertainment
aldebaran.ru,Arts_and_Entertainment
alternativateatral.com,Arts_and_Entertainment
animesforever.com,Arts_and_Entertainment
animezone.pl,Arts_and_Entertainment
archinform.net,Arts_and_Entertainment
architectureartdesigns.com,Arts_and_Entertainment
artistwebsites.com,Arts_and_Entertainment
audioz.eu,Arts_and_Entertainment
bollywoodlife.com,Arts_and_Entertainment
bs.to,Arts_and_Entertainment
channelawesome.com,Arts_and_Entertainment
cztv.com,Arts_and_Entertainment
disney.com.hk,Arts_and_Entertainment
everydayim.com,Arts_and_Entertainment
filmpertutti.co,Arts_and_Entertainment
filmux.org,Arts_and_Entertainment
folklore-jurassien.net,Arts_and_Entertainment
fun.tv,Arts_and_Entertainment
gamatotv.com,Arts_and_Entertainment
gavazn.com,Arts_and_Entertainment
genvideos.org,Arts_and_Entertainment
halleonard.com,Arts_and_Entertainment
how-to-paint-miniatures.com,Arts_and_Entertainment
hugelol.com,Arts_and_Entertainment
iclipart.com,Arts_and_Entertainment
illustrators.ru,Arts_and_Entertainment
jessfink.com,Arts_and_Entertainment
jvcmusic.co.jp,Arts_and_Entertainment
kra.go.ke,Arts_and_Entertainment
kukudm.com,Arts_and_Entertainment
legionanime.net,Arts_and_Entertainment
mariinsky.ru,Arts_and_Entertainment
megaflix.net,Arts_and_Entertainment
mp3juices.cc,Arts_and_Entertainment
mpo88.com,Arts_and_Entertainment
musicaq.net,Arts_and_Entertainment
noviscore.fr,Arts_and_Entertainment
onlythebeat.com,Arts_and_Entertainment
paetoi.tumblr.com,Arts_and_Entertainment
pelis24.com,Arts_and_Entertainment
pexels.com,Arts_and_Entertainment
posemaniacs.com,Arts_and_Entertainment
prettylittleliars.com,Arts_and_Entertainment
quickfilmz.com,Arts_and_Entertainment
rcshow.tv,Arts_and_Entertainment
repelis.tv,Arts_and_Entertainment
ronenbekerman.com,Arts_and_Entertainment
saatchiart.com,Arts_and_Entertainment
seedmcot.com,Arts_and_Entertainment
shinden.pl,Arts_and_Entertainment
skinucicard.it,Arts_and_Entertainment
sky2be.ru,Arts_and_Entertainment
sleeproom.me,Arts_and_Entertainment
solarmovie.is,Arts_and_Entertainment
srulad.com,Arts_and_Entertainment
sugarx.net,Arts_and_Entertainment
surveyplanet.com,Arts_and_Entertainment
tattooimages.biz,Arts_and_Entertainment
theatermania.com,Arts_and_Entertainment
themiscollection.com,Arts_and_Entertainment
tilatequila.com,Arts_and_Entertainment
tonyawards.com,Arts_and_Entertainment
tvweeklogieawards.com.au,Arts_and_Entertainment
vbox7.com,Arts_and_Entertainment
wintv24.com,Arts_and_Entertainment
bohemiasuburbana.com,Arts_and_Entertainment
mizuma-art.co.jp,Arts_and_Entertainment
arttowermito.or.jp,Arts_and_Entertainment
r-1gp.com,Arts_and_Entertainment
nodamap.com,Arts_and_Entertainment
al-spbphoto.narod.ru,Arts_and_Entertainment
divadlorb.cz,Arts_and_Entertainment
pbam.nl,Arts_and_Entertainment
iwaki-alios.jp,Arts_and_Entertainment
tednasmith.com,Arts_and_Entertainment
playmarket.org.nz,Arts_and_Entertainment
johnglover.com.au,Arts_and_Entertainment
yorkmysteryplays.org,Arts_and_Entertainment
scriptconsultancy.com,Arts_and_Entertainment
cardabelle.fr,Arts_and_Entertainment
artangela.com,Arts_and_Entertainment
kanalukraina.tv,Arts_and_Entertainment
kpl-politekhnik.at.ua,Arts_and_Entertainment
konserthuset.se,Arts_and_Entertainment
zaspivaj.com,Arts_and_Entertainment
odenlab.se,Arts_and_Entertainment
deepsonic.ch,Arts_and_Entertainment
cpac.ca,Arts_and_Entertainment
danza.es,Arts_and_Entertainment
netfav.com,Arts_and_Entertainment
sigmatv.com,Arts_and_Entertainment
buyulufener.com.tr,Arts_and_Entertainment
dragone.com,Arts_and_Entertainment
ruvods.com,Arts_and_Entertainment
betodourah.com.br,Arts_and_Entertainment
hop.co.il,Arts_and_Entertainment
