1000ps.at,Autos_and_Vehicles
1hai.cn,Autos_and_Vehicles
28car.com,Autos_and_Vehicles
alpine.co.uk,Autos_and_Vehicles
apiculture.com,Autos_and_Vehicles
auto-price-saver.com,Autos_and_Vehicles
auto-roundup.com,Autos_and_Vehicles
auto.co.il,Autos_and_Vehicles
autotrade.su,Autos_and_Vehicles
bitauto.com,Autos_and_Vehicles
boatangel.org,Autos_and_Vehicles
cadillac.com,Autos_and_Vehicles
catalogue-erm.com,Autos_and_Vehicles
chaparral-racing.com,Autos_and_Vehicles
chem8.org,Autos_and_Vehicles
cheshi.com,Autos_and_Vehicles
chiefaircraft.com,Autos_and_Vehicles
crimestoppersyakco.org,Autos_and_Vehicles
cwrr.com,Autos_and_Vehicles
dekra-norisko.fr,Autos_and_Vehicles
denisonyachtsales.com,Autos_and_Vehicles
economybookings.com,Autos_and_Vehicles
encarglobal.com,Autos_and_Vehicles
enterprisetrucks.com,Autos_and_Vehicles
eurofighter.com,Autos_and_Vehicles
europcar.it,Autos_and_Vehicles
f1news.ru,Autos_and_Vehicles
fantasycruncher.com,Autos_and_Vehicles
formula.hu,Autos_and_Vehicles
formulad.com,Autos_and_Vehicles
gocrv.com,Autos_and_Vehicles
goldcar.es,Autos_and_Vehicles
grandprix247.com,Autos_and_Vehicles
haldimandmotors.com,Autos_and_Vehicles
halfastfarm.com,Autos_and_Vehicles
historialuniversal.com,Autos_and_Vehicles
humanvalue.it,Autos_and_Vehicles
insurancesplanning.com,Autos_and_Vehicles
jaguar.com,Autos_and_Vehicles
jaguarusa.com,Autos_and_Vehicles
jalopnik.com,Autos_and_Vehicles
jhnewsandguide.com,Autos_and_Vehicles
katzkin.com,Autos_and_Vehicles
leatherseats.com,Autos_and_Vehicles
lexus.jp,Autos_and_Vehicles
lincolncenter.org,Autos_and_Vehicles
mazda.co.jp,Autos_and_Vehicles
mercedes-benz.co.jp,Autos_and_Vehicles
mustangmonthly.com,Autos_and_Vehicles
opel.com.tr,Autos_and_Vehicles
peugeot.com.tr,Autos_and_Vehicles
planetf1.com,Autos_and_Vehicles
port3.ru,Autos_and_Vehicles
questionandanswers.net,Autos_and_Vehicles
rch.org.au,Autos_and_Vehicles
renault.com.tr,Autos_and_Vehicles
rvshare.com,Autos_and_Vehicles
scion.com,Autos_and_Vehicles
sdgift.net,Autos_and_Vehicles
stingrayboats.com,Autos_and_Vehicles
tca33.ru,Autos_and_Vehicles
thaiscooter.com,Autos_and_Vehicles
toyota.co.th,Autos_and_Vehicles
toyota.com.tr,Autos_and_Vehicles
tujugada.com.ar,Autos_and_Vehicles
turbo.az,Autos_and_Vehicles
turbomagazine.com,Autos_and_Vehicles
twostroke.se,Autos_and_Vehicles
uraldnepr.ru,Autos_and_Vehicles
was-war-wann.de,Autos_and_Vehicles
wecareyamaha.com,Autos_and_Vehicles
xyzs.com,Autos_and_Vehicles
yachtall.com,Autos_and_Vehicles
zuzuche.com,Autos_and_Vehicles
coachseiji.com,Autos_and_Vehicles
aeroweb.cz,Autos_and_Vehicles
sunfleet.com,Autos_and_Vehicles
up-ship.com,Autos_and_Vehicles
saudirailways.org,Autos_and_Vehicles
speedhunters.com,Autos_and_Vehicles
tasit.com,Autos_and_Vehicles
autoua.net,Autos_and_Vehicles
carsguide.com.au,Autos_and_Vehicles
clublexus.com,Autos_and_Vehicles
lincoln.com,Autos_and_Vehicles
auto-data.net,Autos_and_Vehicles
autoscout24.es,Autos_and_Vehicles
x-plane.org,Autos_and_Vehicles
quadratec.com,Autos_and_Vehicles
deautos.com,Autos_and_Vehicles
bytbil.com,Autos_and_Vehicles
smart.com,Autos_and_Vehicles
landroverusa.com,Autos_and_Vehicles
fiat500.com,Autos_and_Vehicles
autogeek.net,Autos_and_Vehicles
pirelli.com,Autos_and_Vehicles
fourwheeler.com,Autos_and_Vehicles
nissan.com.mx,Autos_and_Vehicles
auto.am,Autos_and_Vehicles
yamaha-motor.com,Autos_and_Vehicles
motocity.com.tw,Autos_and_Vehicles
crautos.com,Autos_and_Vehicles
reifendirekt.de,Autos_and_Vehicles
aaaauto.sk,Autos_and_Vehicles
iboats.com,Autos_and_Vehicles
audi-sport.net,Autos_and_Vehicles
cyclegear.com,Autos_and_Vehicles
autohausaz.com,Autos_and_Vehicles
demon-tweeks.co.uk,Autos_and_Vehicles
autonet.ee,Autos_and_Vehicles
picknpull.com,Autos_and_Vehicles
sicurauto.it,Autos_and_Vehicles
mocyc.com,Autos_and_Vehicles
totalbike.hu,Autos_and_Vehicles
autodeclics.com,Autos_and_Vehicles
4wd.com,Autos_and_Vehicles
forum-auto.ru,Autos_and_Vehicles
metraonline.com,Autos_and_Vehicles
seat.es,Autos_and_Vehicles
hybridcars.com,Autos_and_Vehicles
automotix.net,Autos_and_Vehicles
leaseplan.nl,Autos_and_Vehicles
bmwgroup.net,Autos_and_Vehicles
sixt.co.uk,Autos_and_Vehicles
dsmtuners.com,Autos_and_Vehicles
renault.com.ar,Autos_and_Vehicles
paylesscar.com,Autos_and_Vehicles
upgarage.com,Autos_and_Vehicles
iveco.com,Autos_and_Vehicles
fordownersclub.com,Autos_and_Vehicles
classiccarsforsale.co.uk,Autos_and_Vehicles
chevrolet.com.ec,Autos_and_Vehicles
armtek.ru,Autos_and_Vehicles
auctionexport.com,Autos_and_Vehicles
lexusenthusiast.com,Autos_and_Vehicles
seat.co.uk,Autos_and_Vehicles
fastcar.co.uk,Autos_and_Vehicles
avtozapchasty.ru,Autos_and_Vehicles
samarins.com,Autos_and_Vehicles
hondapartsnow.com,Autos_and_Vehicles
ecomodder.com,Autos_and_Vehicles
off-road.com,Autos_and_Vehicles
sizemytires.com,Autos_and_Vehicles
verstappen.nl,Autos_and_Vehicles
vespa.com,Autos_and_Vehicles
bmwclub.by,Autos_and_Vehicles
leaseguide.com,Autos_and_Vehicles
performanceplustire.com,Autos_and_Vehicles
rangerovers.net,Autos_and_Vehicles
autokopen.nl,Autos_and_Vehicles
cochesyconcesionarios.com,Autos_and_Vehicles
uk-mkivs.net,Autos_and_Vehicles
dodge.com.mx,Autos_and_Vehicles
auto-moto.com,Autos_and_Vehicles
vectra-club.ru,Autos_and_Vehicles
picknbuy24.com,Autos_and_Vehicles
fiat.co.uk,Autos_and_Vehicles
motorshow.it,Autos_and_Vehicles
automovilescolombia.com,Autos_and_Vehicles
polovni-delovi.com,Autos_and_Vehicles
mini.com,Autos_and_Vehicles
gowesty.com,Autos_and_Vehicles
bernardiparts.com,Autos_and_Vehicles
lazydays.com,Autos_and_Vehicles
hybrid.cz,Autos_and_Vehicles
toyotaperu.com.pe,Autos_and_Vehicles
biltorvet.dk,Autos_and_Vehicles
emk-33.com,Autos_and_Vehicles
dezmembrarimasini.ro,Autos_and_Vehicles
mototriti.gr,Autos_and_Vehicles
volkswagen-vans.co.uk,Autos_and_Vehicles
uservice.ru,Autos_and_Vehicles
auteco.com.co,Autos_and_Vehicles
duen.hu,Autos_and_Vehicles
bestcypruscar.com,Autos_and_Vehicles
nissan.be,Autos_and_Vehicles
alarmtrade.ru,Autos_and_Vehicles
6enligne.net,Autos_and_Vehicles
bmwcca.org,Autos_and_Vehicles
felgenoutlet.de,Autos_and_Vehicles
fullsizebronco.com,Autos_and_Vehicles
audi.com.mx,Autos_and_Vehicles
ozzytyres.com.au,Autos_and_Vehicles
carmag.co.za,Autos_and_Vehicles
carshop.co.uk,Autos_and_Vehicles
bmw-motorrad.de,Autos_and_Vehicles
3si.org,Autos_and_Vehicles
audi.se,Autos_and_Vehicles
renaultsamsungm.com,Autos_and_Vehicles
speedup.it,Autos_and_Vehicles
bilweb.se,Autos_and_Vehicles
landrover.com.tr,Autos_and_Vehicles
griotsgarage.com,Autos_and_Vehicles
careco.jp,Autos_and_Vehicles
greddy.com,Autos_and_Vehicles
lva-auto.fr,Autos_and_Vehicles
camaros.net,Autos_and_Vehicles
suzukicycles.org,Autos_and_Vehicles
segway.com,Autos_and_Vehicles
turbofsi.net,Autos_and_Vehicles
opel.pt,Autos_and_Vehicles
ssmotors.com.tr,Autos_and_Vehicles
nittotire.com,Autos_and_Vehicles
winnebagoind.com,Autos_and_Vehicles
apexrentals.co.nz,Autos_and_Vehicles
auto.blog.rs,Autos_and_Vehicles
chrysler.com.mx,Autos_and_Vehicles
aprilia.com,Autos_and_Vehicles
autoshare.com,Autos_and_Vehicles
carstyling.ru,Autos_and_Vehicles
houseofharley.com,Autos_and_Vehicles
maggiore.it,Autos_and_Vehicles
tuninga.com.ua,Autos_and_Vehicles
dieselschrauber.de,Autos_and_Vehicles
usedcars.ru,Autos_and_Vehicles
myway.be,Autos_and_Vehicles
peugeot-club.by,Autos_and_Vehicles
aronline.co.uk,Autos_and_Vehicles
vetrinamotori.it,Autos_and_Vehicles
hrewheels.com,Autos_and_Vehicles
hondapartscheap.com,Autos_and_Vehicles
ilovebodykits.com,Autos_and_Vehicles
sonicautomotive.com,Autos_and_Vehicles
partsource.ca,Autos_and_Vehicles
pca.org,Autos_and_Vehicles
carsense.com,Autos_and_Vehicles
givi.it,Autos_and_Vehicles
planete-ducati.com,Autos_and_Vehicles
american-rails.com,Autos_and_Vehicles
autoban.by,Autos_and_Vehicles
audipiter.ru,Autos_and_Vehicles
just-auto.com,Autos_and_Vehicles
topgear.ro,Autos_and_Vehicles
hubcaps.org,Autos_and_Vehicles
autorec.co.jp,Autos_and_Vehicles
hondaph.com,Autos_and_Vehicles
zcar.com,Autos_and_Vehicles
penskeautomotive.com,Autos_and_Vehicles
web-automobile.com,Autos_and_Vehicles
flugzeuginfo.net,Autos_and_Vehicles
stockinteriors.com,Autos_and_Vehicles
thrifty.co.nz,Autos_and_Vehicles
coasthigh.com,Autos_and_Vehicles
bmikarts.com,Autos_and_Vehicles
zarulem.by,Autos_and_Vehicles
mercedes-benz.co.th,Autos_and_Vehicles
wwag.com,Autos_and_Vehicles
drifting.com,Autos_and_Vehicles
machens.com,Autos_and_Vehicles
alfaromeo.co.uk,Autos_and_Vehicles
hondapartsdeals.com,Autos_and_Vehicles
motostorm.it,Autos_and_Vehicles
phithan-toyota.com,Autos_and_Vehicles
autotrader.ie,Autos_and_Vehicles
junkmycar.com,Autos_and_Vehicles
procycle.us,Autos_and_Vehicles
mjnet.co.jp,Autos_and_Vehicles
toyota.gr,Autos_and_Vehicles
journalauto.com,Autos_and_Vehicles
audi.hu,Autos_and_Vehicles
bmw.dk,Autos_and_Vehicles
carsonlinefree.com,Autos_and_Vehicles
glv.co.jp,Autos_and_Vehicles
vwdiesel.net,Autos_and_Vehicles
kauffmantire.com,Autos_and_Vehicles
camarozone.com,Autos_and_Vehicles
kia.co.kr,Autos_and_Vehicles
petlas.com.tr,Autos_and_Vehicles
bmw.fi,Autos_and_Vehicles
autosportcatalog.com,Autos_and_Vehicles
discountusedcars.com.au,Autos_and_Vehicles
hondanews.com,Autos_and_Vehicles
ford.cl,Autos_and_Vehicles
heartlandrvs.com,Autos_and_Vehicles
mazda.nl,Autos_and_Vehicles
autometer.com,Autos_and_Vehicles
ducati.de,Autos_and_Vehicles
citroen-forum.nl,Autos_and_Vehicles
hyundai.az,Autos_and_Vehicles
roversnorth.com,Autos_and_Vehicles
1000size.ru,Autos_and_Vehicles
nwautos.com,Autos_and_Vehicles
lextreme.com,Autos_and_Vehicles
drive2moto.ru,Autos_and_Vehicles
glass.net,Autos_and_Vehicles
longotoyota.com,Autos_and_Vehicles
volkswagen.ro,Autos_and_Vehicles
sym.com.vn,Autos_and_Vehicles
fixmyhog.com,Autos_and_Vehicles
plane-mad.com,Autos_and_Vehicles
autoweb-france.com,Autos_and_Vehicles
ringpinion.com,Autos_and_Vehicles
auto-wave.co.jp,Autos_and_Vehicles
ad-auto.fr,Autos_and_Vehicles
hendrickhonda.com,Autos_and_Vehicles
opel.co.za,Autos_and_Vehicles
autocom.dk,Autos_and_Vehicles
fordbarn.com,Autos_and_Vehicles
bmwoffairfax.com,Autos_and_Vehicles
24subaru.ru,Autos_and_Vehicles
vesparesources.com,Autos_and_Vehicles
group1auto.com,Autos_and_Vehicles
chilsonwilcox.com,Autos_and_Vehicles
wheelersoffroad.com,Autos_and_Vehicles
jeepworld.com,Autos_and_Vehicles
minisport.com,Autos_and_Vehicles
carjunction.com,Autos_and_Vehicles
atechmotorsports.com,Autos_and_Vehicles
engine-light-help.com,Autos_and_Vehicles
motogonki.ru,Autos_and_Vehicles
bridgestone.co.th,Autos_and_Vehicles
scooterworks.com,Autos_and_Vehicles
autoextremist.com,Autos_and_Vehicles
motoguzzi.it,Autos_and_Vehicles
chicagoautoshow.com,Autos_and_Vehicles
wolfsburgwest.com,Autos_and_Vehicles
westwayford.com,Autos_and_Vehicles
millermotorcars.com,Autos_and_Vehicles
breakerlink.com,Autos_and_Vehicles
brandsport.com,Autos_and_Vehicles
bsmotoring.com,Autos_and_Vehicles
classicparts.com,Autos_and_Vehicles
mitsubishi-fuso.com,Autos_and_Vehicles
carcash.com,Autos_and_Vehicles
mercedes-benz.com.hk,Autos_and_Vehicles
anvelope.ro,Autos_and_Vehicles
newstreet.it,Autos_and_Vehicles
moteur-occasion.com,Autos_and_Vehicles
jeepkj.com,Autos_and_Vehicles
suprastore.com,Autos_and_Vehicles
clicpeugeot.com,Autos_and_Vehicles
clubford.org,Autos_and_Vehicles
showmanagement.com,Autos_and_Vehicles
mitsuoka-motor.com,Autos_and_Vehicles
snugtop.com,Autos_and_Vehicles
ladakalina.ru,Autos_and_Vehicles
motornet.it,Autos_and_Vehicles
autobonus.lt,Autos_and_Vehicles
actontoyota.com,Autos_and_Vehicles
carstereohelp.com,Autos_and_Vehicles
activegreenross.com,Autos_and_Vehicles
rotawheels.com,Autos_and_Vehicles
agrand.ru,Autos_and_Vehicles
thunderbike.de,Autos_and_Vehicles
celica-club.ru,Autos_and_Vehicles
audi.ro,Autos_and_Vehicles
autosieger.de,Autos_and_Vehicles
mini.be,Autos_and_Vehicles
alfaworkshop.co.uk,Autos_and_Vehicles
hyundai.se,Autos_and_Vehicles
audi.fi,Autos_and_Vehicles
topcar.co.za,Autos_and_Vehicles
europcar.ch,Autos_and_Vehicles
riv.ca,Autos_and_Vehicles
carx.com,Autos_and_Vehicles
g-class.ru,Autos_and_Vehicles
shrockworks.com,Autos_and_Vehicles
ducati-russia.ru,Autos_and_Vehicles
teammoto.com.au,Autos_and_Vehicles
reevesimportmotorcars.com,Autos_and_Vehicles
gumidirekt.hu,Autos_and_Vehicles
pumaspeed.co.uk,Autos_and_Vehicles
fjmercedes.com,Autos_and_Vehicles
risingup.com,Autos_and_Vehicles
cornesmotor.com,Autos_and_Vehicles
ecomotors.ru,Autos_and_Vehicles
langer.de,Autos_and_Vehicles
motoroma.com.ar,Autos_and_Vehicles
mazdaworld.org,Autos_and_Vehicles
g6ownersclub.com,Autos_and_Vehicles
hertz.gr,Autos_and_Vehicles
karlchevrolet.com,Autos_and_Vehicles
westherr.com,Autos_and_Vehicles
lexus.it,Autos_and_Vehicles
firsttexashonda.com,Autos_and_Vehicles
500clubitalia.it,Autos_and_Vehicles
toyotaofkirkland.com,Autos_and_Vehicles
rally-mania.cz,Autos_and_Vehicles
usedcarexpert.co.uk,Autos_and_Vehicles
darcars.com,Autos_and_Vehicles
motorline.co.uk,Autos_and_Vehicles
wildhorses4x4.com,Autos_and_Vehicles
design911.co.uk,Autos_and_Vehicles
bmwe34.net,Autos_and_Vehicles
essai-auto.com,Autos_and_Vehicles
chevrolet.es,Autos_and_Vehicles
treadstoneperformance.com,Autos_and_Vehicles
4x4groupbuy.com,Autos_and_Vehicles
autoeducation.com,Autos_and_Vehicles
kymco.es,Autos_and_Vehicles
hybrid-racing.com,Autos_and_Vehicles
stiloclub.it,Autos_and_Vehicles
tristatebmw.com,Autos_and_Vehicles
genosgarage.com,Autos_and_Vehicles
adventureharley.com,Autos_and_Vehicles
hawksthirdgenparts.com,Autos_and_Vehicles
motor-klassik.de,Autos_and_Vehicles
extang.com,Autos_and_Vehicles
streetperformance.com,Autos_and_Vehicles
fredhaastoyota.com,Autos_and_Vehicles
curryhondaga.com,Autos_and_Vehicles
makwheels.it,Autos_and_Vehicles
kendallcars.com,Autos_and_Vehicles
hyundai.com.ar,Autos_and_Vehicles
clarks-garage.com,Autos_and_Vehicles
ford.fi,Autos_and_Vehicles
usedboats.ru,Autos_and_Vehicles
cooperbmw.co.uk,Autos_and_Vehicles
brotherstrucks.com,Autos_and_Vehicles
hyundai.dk,Autos_and_Vehicles
caliberclub.ru,Autos_and_Vehicles
seat.dk,Autos_and_Vehicles
motopfohe.bg,Autos_and_Vehicles
triumphmotorcycles.com.au,Autos_and_Vehicles
accordclubthailand.com,Autos_and_Vehicles
vw-klassika.ru,Autos_and_Vehicles
cessna.com,Autos_and_Vehicles
zodiac.nl,Autos_and_Vehicles
lacarguy.com,Autos_and_Vehicles
sanjoseaudi.com,Autos_and_Vehicles
nzrentacar.co.nz,Autos_and_Vehicles
tustintoyota.com,Autos_and_Vehicles
thrifty.co.za,Autos_and_Vehicles
rijtesten.nl,Autos_and_Vehicles
shelor.com,Autos_and_Vehicles
birchwood.ca,Autos_and_Vehicles
108engine.com,Autos_and_Vehicles
bellaudi.com,Autos_and_Vehicles
arp-bolts.com,Autos_and_Vehicles
motorhuis.nl,Autos_and_Vehicles
pierceytoyota.com,Autos_and_Vehicles
partsplaceinc.com,Autos_and_Vehicles
worldclassdriving.com,Autos_and_Vehicles
bushandel.pl,Autos_and_Vehicles
parkautomall.com,Autos_and_Vehicles
nortonmotorcycles.com,Autos_and_Vehicles
northwoodmfg.com,Autos_and_Vehicles
isuzucv.com,Autos_and_Vehicles
maz.by,Autos_and_Vehicles
uzr.com.ua,Autos_and_Vehicles
holmgrensbil.se,Autos_and_Vehicles
centralfloridatoyota.com,Autos_and_Vehicles
countryclassiccars.com,Autos_and_Vehicles
motorbike-search-engine.co.uk,Autos_and_Vehicles
francecars.fr,Autos_and_Vehicles
vredestein.com,Autos_and_Vehicles
mb1.lt,Autos_and_Vehicles
kearnypearsonford.com,Autos_and_Vehicles
fiat.dk,Autos_and_Vehicles
bmwofsterling.com,Autos_and_Vehicles
goodwheels.ru,Autos_and_Vehicles
volvocars.be,Autos_and_Vehicles
fraserway.com,Autos_and_Vehicles
classicvans.com,Autos_and_Vehicles
spreenhonda.com,Autos_and_Vehicles
wisebuyers.co.uk,Autos_and_Vehicles
hymanltd.com,Autos_and_Vehicles
hartwell.co.uk,Autos_and_Vehicles
clubcx7.ru,Autos_and_Vehicles
araihelmet-europe.com,Autos_and_Vehicles
msgroup.org,Autos_and_Vehicles
autotech.com,Autos_and_Vehicles
giantrv.com,Autos_and_Vehicles
land-rover-parts-shop.com,Autos_and_Vehicles
carcity.com.au,Autos_and_Vehicles
duratrax.com,Autos_and_Vehicles
beavertontoyota.com,Autos_and_Vehicles
arrow.it,Autos_and_Vehicles
omega.kz,Autos_and_Vehicles
moto-zone.bg,Autos_and_Vehicles
schwalbennest.de,Autos_and_Vehicles
momentumaudi.net,Autos_and_Vehicles
privatefleet.com.au,Autos_and_Vehicles
atlant-motors.ru,Autos_and_Vehicles
glinche-automobiles.com,Autos_and_Vehicles
bmwmotorcycle.com,Autos_and_Vehicles
nokianrenkaat.fi,Autos_and_Vehicles
ogracing.com,Autos_and_Vehicles
alfaholics.com,Autos_and_Vehicles
4rouesmotrices.com,Autos_and_Vehicles
mikecalverttoyota.com,Autos_and_Vehicles
techart.de,Autos_and_Vehicles
jacquesbervas.fr,Autos_and_Vehicles
part-box.com,Autos_and_Vehicles
r-avto.kiev.ua,Autos_and_Vehicles
autoracing1.com,Autos_and_Vehicles
cog-online.org,Autos_and_Vehicles
chevyworld.com,Autos_and_Vehicles
automobiles.lt,Autos_and_Vehicles
fiat.gr,Autos_and_Vehicles
dicksmith.com,Autos_and_Vehicles
bmwoftenafly.com,Autos_and_Vehicles
torklift.com,Autos_and_Vehicles
dodge-tech.com.ar,Autos_and_Vehicles
autoteile.net,Autos_and_Vehicles
toyotaofpuyallup.com,Autos_and_Vehicles
acl.lu,Autos_and_Vehicles
seattlemazda.com,Autos_and_Vehicles
car-emissions.com,Autos_and_Vehicles
borneomotors.com.sg,Autos_and_Vehicles
hondaprelude.to,Autos_and_Vehicles
tyreplus.ru,Autos_and_Vehicles
mazda.at,Autos_and_Vehicles
fordrent.fr,Autos_and_Vehicles
dunlopmotorcycle.com,Autos_and_Vehicles
starkautosales.com,Autos_and_Vehicles
transmissioncenter.net,Autos_and_Vehicles
austininfiniti.com,Autos_and_Vehicles
vintagebmw.org,Autos_and_Vehicles
nmma.org,Autos_and_Vehicles
pleasureway.com,Autos_and_Vehicles
chevrolet.com.uy,Autos_and_Vehicles
billjacobsbmw.com,Autos_and_Vehicles
greenwayford.com,Autos_and_Vehicles
francuskie.pl,Autos_and_Vehicles
pappas.at,Autos_and_Vehicles
autovizsla.hu,Autos_and_Vehicles
enoleggioauto.it,Autos_and_Vehicles
malagacar.com,Autos_and_Vehicles
volkswagen.bg,Autos_and_Vehicles
capitolhonda.com,Autos_and_Vehicles
carstar.com,Autos_and_Vehicles
dearbornclassics.com,Autos_and_Vehicles
ducati.com.au,Autos_and_Vehicles
carjet.com,Autos_and_Vehicles
eastbaybmw.com,Autos_and_Vehicles
automarket.lu,Autos_and_Vehicles
celica-club.co.uk,Autos_and_Vehicles
seat.gr,Autos_and_Vehicles
royal-trading.jp,Autos_and_Vehicles
prevostcar.com,Autos_and_Vehicles
toyotaofgrandrapids.com,Autos_and_Vehicles
southbayhonda.com,Autos_and_Vehicles
bmwnorthscottsdale.com,Autos_and_Vehicles
autopedija.com,Autos_and_Vehicles
bfgoodrichtires.ca,Autos_and_Vehicles
fleischhauer.com,Autos_and_Vehicles
longolexus.com,Autos_and_Vehicles
autosecuador.com,Autos_and_Vehicles
margel.info,Autos_and_Vehicles
mercedes-anciennes.fr,Autos_and_Vehicles
volvoclubthailand.com,Autos_and_Vehicles
vpracingfuels.com,Autos_and_Vehicles
soundrider.com,Autos_and_Vehicles
adu.ch,Autos_and_Vehicles
racingin.com,Autos_and_Vehicles
gearingcommander.com,Autos_and_Vehicles
weissach.com,Autos_and_Vehicles
canadiandriver.com,Autos_and_Vehicles
moped2.org,Autos_and_Vehicles
4gume.com,Autos_and_Vehicles
subarusuperstore.com,Autos_and_Vehicles
swedishbricks.net,Autos_and_Vehicles
auburntoyota.com,Autos_and_Vehicles
bobsbmw.com,Autos_and_Vehicles
adac-motorsport.de,Autos_and_Vehicles
leifjohnsonford.com,Autos_and_Vehicles
rushtruckcenters.com,Autos_and_Vehicles
e36thailand.com,Autos_and_Vehicles
car-mart.com,Autos_and_Vehicles
bernarditoyota.com,Autos_and_Vehicles
phmotorcycles.co.uk,Autos_and_Vehicles
lamborghinidallas.com,Autos_and_Vehicles
kia-club.com.ua,Autos_and_Vehicles
kvishim.co.il,Autos_and_Vehicles
samswope.com,Autos_and_Vehicles
toyotaofriverside.com,Autos_and_Vehicles
bmw.co.nz,Autos_and_Vehicles
nationalcycle.com,Autos_and_Vehicles
motorcyclephilippines.com,Autos_and_Vehicles
aussieexotics.com,Autos_and_Vehicles
ffsa.org,Autos_and_Vehicles
f1-forum.fi,Autos_and_Vehicles
nauticexpo.it,Autos_and_Vehicles
autozoneinc.com,Autos_and_Vehicles
athloncarlease.com,Autos_and_Vehicles
sixt-leasing.de,Autos_and_Vehicles
roamingtimes.com,Autos_and_Vehicles
zsr.sk,Autos_and_Vehicles
ose.gr,Autos_and_Vehicles
amtrakdowneaster.com,Autos_and_Vehicles
