13980.com,Beauty_and_Fitness
annmariegianni.com,Beauty_and_Fitness
archeage.jp,Beauty_and_Fitness
artenocorpo.com,Beauty_and_Fitness
aveneusa.com,Beauty_and_Fitness
bareescentuals.com,Beauty_and_Fitness
beautybay.com,Beauty_and_Fitness
beautyexchange.com.hk,Beauty_and_Fitness
beccacosmetics.com,Beauty_and_Fitness
beforeandafterweightloss.tumblr.com,Beauty_and_Fitness
beleza.blog.br,Beauty_and_Fitness
benefitcosmetics.fr,Beauty_and_Fitness
blackupcosmetics.com,Beauty_and_Fitness
bochnakian-bruno-avocat.fr,Beauty_and_Fitness
boredpanda.com,Beauty_and_Fitness
buyaircraftparts.com,Beauty_and_Fitness
bwhi.org,Beauty_and_Fitness
calorie.it,Beauty_and_Fitness
club777.com,Beauty_and_Fitness
coinmakeup.com,Beauty_and_Fitness
coldriversoapworks.com,Beauty_and_Fitness
crimealert.org,Beauty_and_Fitness
crossfitinvictus.com,Beauty_and_Fitness
dermae.com,Beauty_and_Fitness
douglas.de,Beauty_and_Fitness
ecurie-bernatets.com,Beauty_and_Fitness
essiebutton.com,Beauty_and_Fitness
evawigs.com,Beauty_and_Fitness
exercise4weightloss.com,Beauty_and_Fitness
fallensword.com,Beauty_and_Fitness
feedburner.com,Beauty_and_Fitness
fitnesshouse.ru,Beauty_and_Fitness
flawlessbeautyandskin.com,Beauty_and_Fitness
flexmls.com,Beauty_and_Fitness
gardenofwisdom.com,Beauty_and_Fitness
giatecscientific.com,Beauty_and_Fitness
gore-tex.com,Beauty_and_Fitness
grzelak-makeup.com,Beauty_and_Fitness
hairstylegalleries.com,Beauty_and_Fitness
hairtobeauty.com,Beauty_and_Fitness
hermo.my,Beauty_and_Fitness
hydroxycut.com,Beauty_and_Fitness
iknowhair.com,Beauty_and_Fitness
indiquehair.com,Beauty_and_Fitness
inglotcosmetics.com,Beauty_and_Fitness
jolse.com,Beauty_and_Fitness
kao.com,Beauty_and_Fitness
katvondbeauty.com,Beauty_and_Fitness
kevinmurphy.com.au,Beauty_and_Fitness
kikocosmetics.be,Beauty_and_Fitness
kikocosmetics.co.uk,Beauty_and_Fitness
killerinktattoo.fr,Beauty_and_Fitness
klusidee.nl,Beauty_and_Fitness
kosmetykizameryki.pl,Beauty_and_Fitness
koutuujikobengo.jp,Beauty_and_Fitness
lacolors.com,Beauty_and_Fitness
lasthairmodels.com,Beauty_and_Fitness
lifelineskincare.com,Beauty_and_Fitness
lushusa.com,Beauty_and_Fitness
maccosmetics.com.cn,Beauty_and_Fitness
manlycurls.com,Beauty_and_Fitness
medongroup.ru,Beauty_and_Fitness
mirimanova.ru,Beauty_and_Fitness
mirtattoo.ru,Beauty_and_Fitness
mma.bg,Beauty_and_Fitness
mundofit.com,Beauty_and_Fitness
namebrandwigs.com,Beauty_and_Fitness
narscosmetics.co.uk,Beauty_and_Fitness
narscosmetics.eu,Beauty_and_Fitness
nicehair.org,Beauty_and_Fitness
nissan.co.jp,Beauty_and_Fitness
noom.com,Beauty_and_Fitness
orangetheoryfitness.com,Beauty_and_Fitness
parkourwave.com,Beauty_and_Fitness
pickmeupbingo.com,Beauty_and_Fitness
pravana.com,Beauty_and_Fitness
ribalkaforum.com,Beauty_and_Fitness
ringsidereport.com,Beauty_and_Fitness
savethechildren.org,Beauty_and_Fitness
seaman2u.com,Beauty_and_Fitness
skin.pt,Beauty_and_Fitness
skin1.com,Beauty_and_Fitness
skintour.com,Beauty_and_Fitness
smartfren.com,Beauty_and_Fitness
southernwater.co.uk,Beauty_and_Fitness
t-ndt.ru,Beauty_and_Fitness
taschen.com,Beauty_and_Fitness
tattooesque.com,Beauty_and_Fitness
tattoofun.com,Beauty_and_Fitness
tattoomachineequipment.com,Beauty_and_Fitness
tattooshop.com.ua,Beauty_and_Fitness
theantimedia.org,Beauty_and_Fitness
thegabrielmethod.com,Beauty_and_Fitness
thesaemcosmetic.com,Beauty_and_Fitness
thewigcompany.com,Beauty_and_Fitness
uniwigs.com,Beauty_and_Fitness
veganbeautyreview.com,Beauty_and_Fitness
virtustyle.com,Beauty_and_Fitness
weightlosscelebsecrets.com,Beauty_and_Fitness
wigtypes.com,Beauty_and_Fitness
women.mthai.com,Beauty_and_Fitness
xovain.com,Beauty_and_Fitness
yslbeautyus.com,Beauty_and_Fitness
yts.to,Beauty_and_Fitness
zag.com,Beauty_and_Fitness
infinitytattoo.com,Beauty_and_Fitness
jessicacosmetics.com,Beauty_and_Fitness
ladyfitness.ru,Beauty_and_Fitness
fit-trener.ru,Beauty_and_Fitness
qhairandbeauty.co.uk,Beauty_and_Fitness
milpitasfitness.com,Beauty_and_Fitness
tanaz.com,Beauty_and_Fitness
accenttouch.com,Beauty_and_Fitness
flex.com.tr,Beauty_and_Fitness
wigusa.com,Beauty_and_Fitness
zagar.ru,Beauty_and_Fitness
frogtemple.com,Beauty_and_Fitness
elika.it,Beauty_and_Fitness
bdpt.org,Beauty_and_Fitness
libertygym.com,Beauty_and_Fitness
consciousbodypilates.com,Beauty_and_Fitness
claudethomassalon.com,Beauty_and_Fitness
lucazilli.it,Beauty_and_Fitness
citypiercing.dk,Beauty_and_Fitness
nielsenfitness.com,Beauty_and_Fitness
eaststreettattoo.se,Beauty_and_Fitness
divabeauty.co.uk,Beauty_and_Fitness
magnumtattoo.com,Beauty_and_Fitness
lusis-tattoo.de,Beauty_and_Fitness
beyondfitnesspilates.com,Beauty_and_Fitness
myemohairstyles.com,Beauty_and_Fitness
safe-tattoos.com,Beauty_and_Fitness
devilsinktattoo.com,Beauty_and_Fitness
enzoandcompany.com,Beauty_and_Fitness
atimemachine.com,Beauty_and_Fitness
ifbcs.com,Beauty_and_Fitness
pilates-montreal.com,Beauty_and_Fitness
denmanfitness.com,Beauty_and_Fitness
elementalbeauty.co.uk,Beauty_and_Fitness
harmonybody.com,Beauty_and_Fitness
body-mind.at,Beauty_and_Fitness
mehndimadness.com,Beauty_and_Fitness
salon-sirena.ru,Beauty_and_Fitness
bioskincare.com,Beauty_and_Fitness
salongreco.com,Beauty_and_Fitness
mandmhairacademy.com,Beauty_and_Fitness
seattlecosmedicskincare.com,Beauty_and_Fitness
fit-for-all.nl,Beauty_and_Fitness
glowsaltash.com,Beauty_and_Fitness
uzi.cz,Beauty_and_Fitness
kikiwigs.com,Beauty_and_Fitness
lucindaellery-hairloss.co.uk,Beauty_and_Fitness
deadseaproducts.com.au,Beauty_and_Fitness
smoothlaser.com,Beauty_and_Fitness
beautystaffs.com,Beauty_and_Fitness
fitnessoptionsvt.com,Beauty_and_Fitness
chalmway.net,Beauty_and_Fitness
tigerflag.com,Beauty_and_Fitness
nyah-beauty.com,Beauty_and_Fitness
leresh.com,Beauty_and_Fitness
pilatesaligned.com,Beauty_and_Fitness
beautyessence.co.uk,Beauty_and_Fitness
figarosalon.com,Beauty_and_Fitness
resolvelasertreatments.co.uk,Beauty_and_Fitness
salongreenapple.ru,Beauty_and_Fitness
ariasalonspa.com,Beauty_and_Fitness
la-personal-trainer.com,Beauty_and_Fitness
sibfitnes.ru,Beauty_and_Fitness
freestyletattoo.cz,Beauty_and_Fitness
thesecretspa.com,Beauty_and_Fitness
flyertattoo.at,Beauty_and_Fitness
tattooturk.com,Beauty_and_Fitness
curlupndye.com,Beauty_and_Fitness
tattoozone.cz,Beauty_and_Fitness
lastlooksmakeup.com,Beauty_and_Fitness
beautiful-nails.ch,Beauty_and_Fitness
tatstore.com,Beauty_and_Fitness
personaltrainersnyc.com,Beauty_and_Fitness
toratattoo.com,Beauty_and_Fitness
accessiblefitness.com,Beauty_and_Fitness
tattoo.co.uk,Beauty_and_Fitness
fitnesscenterschilde.be,Beauty_and_Fitness
bobileonard.com,Beauty_and_Fitness
leboskincare.com,Beauty_and_Fitness
wildrootsalon.com,Beauty_and_Fitness
lookbeauty.com,Beauty_and_Fitness
studioseventyfour.co.uk,Beauty_and_Fitness
eperfumes.ca,Beauty_and_Fitness
bellacapellis.com,Beauty_and_Fitness
thewigmall.com,Beauty_and_Fitness
steadyfit.nl,Beauty_and_Fitness
hairbydavid.ca,Beauty_and_Fitness
teamworkhair.co.uk,Beauty_and_Fitness
parfumdepub.net,Beauty_and_Fitness
salondipanache.com,Beauty_and_Fitness
sacredcentertattoo.com,Beauty_and_Fitness
lexquisite.ca,Beauty_and_Fitness
dragon-moon.com,Beauty_and_Fitness
horitada.com,Beauty_and_Fitness
whataface.com,Beauty_and_Fitness
tattooator.ru,Beauty_and_Fitness
nardinis.ca,Beauty_and_Fitness
fithuis.be,Beauty_and_Fitness
cosmeticconnection.com,Beauty_and_Fitness
kristybassett.com,Beauty_and_Fitness
biundosalon.com,Beauty_and_Fitness
apelsin.kharkov.ua,Beauty_and_Fitness
checker-demon-tattoos.de,Beauty_and_Fitness
castleart.com,Beauty_and_Fitness
finetunepilates.com,Beauty_and_Fitness
jeffit.de,Beauty_and_Fitness
jbpersonaltraining.com,Beauty_and_Fitness
seekingstylists.com,Beauty_and_Fitness
wellnessmassage.com,Beauty_and_Fitness
houseofpain-tattoo.com,Beauty_and_Fitness
beauticiansonnet.com,Beauty_and_Fitness
adoradayspa.com,Beauty_and_Fitness
fragranceonline.co.uk,Beauty_and_Fitness
hairsurgery.com,Beauty_and_Fitness
tattoostation.co.uk,Beauty_and_Fitness
advancedlaserandskin.com,Beauty_and_Fitness
proactivestudio.co.uk,Beauty_and_Fitness
heidichristines.com,Beauty_and_Fitness
mcfit.de,Beauty_and_Fitness
colorlabcosmetics.com,Beauty_and_Fitness
bioplus.nl,Beauty_and_Fitness
picassoexports.com,Beauty_and_Fitness
fayecosmetics.com,Beauty_and_Fitness
fitnastic.be,Beauty_and_Fitness
fremontlaser.com,Beauty_and_Fitness
impressalon.com,Beauty_and_Fitness
andys-tattoo.com,Beauty_and_Fitness
marmarahair.com,Beauty_and_Fitness
dianehairint.co.uk,Beauty_and_Fitness
mind-bodyfitness.net,Beauty_and_Fitness
romanaspilates.com,Beauty_and_Fitness
eyecandytattoo.com,Beauty_and_Fitness
waterart.org,Beauty_and_Fitness
hadocosmetics.com,Beauty_and_Fitness
fitamerica.com,Beauty_and_Fitness
prestige-hair.com,Beauty_and_Fitness
rosetattoocare.com,Beauty_and_Fitness
bremen-tattoo.com,Beauty_and_Fitness
schminkprofi.de,Beauty_and_Fitness
laserforless.com,Beauty_and_Fitness
perryshairsalon.com,Beauty_and_Fitness
joekozma.com,Beauty_and_Fitness
robytattoo.com,Beauty_and_Fitness
brooklynflavors.com,Beauty_and_Fitness
ultimate-pilates.co.uk,Beauty_and_Fitness
allaccessfitness.com,Beauty_and_Fitness
theblonderoom.com.au,Beauty_and_Fitness
freedombodyart.com,Beauty_and_Fitness
beautysalonsbristol.co.uk,Beauty_and_Fitness
highmaintenanceskin.com,Beauty_and_Fitness
personalmovement.ch,Beauty_and_Fitness
beautywithinspa.co.uk,Beauty_and_Fitness
christrevino.com,Beauty_and_Fitness
mwhairbeauty.nl,Beauty_and_Fitness
wigsrusltd.com,Beauty_and_Fitness
magiclines-tattoo.com,Beauty_and_Fitness
horicho2.com,Beauty_and_Fitness
terranovaclinic.co.nz,Beauty_and_Fitness
thebestbodyco.com,Beauty_and_Fitness
faktor7.at,Beauty_and_Fitness
superhairbraiding.com,Beauty_and_Fitness
bodysprings.com,Beauty_and_Fitness
lafemmesalonspa.com,Beauty_and_Fitness
alvertonspa.co.uk,Beauty_and_Fitness
jeaniesspa.com,Beauty_and_Fitness
uniquetouch.ca,Beauty_and_Fitness
hosssauce.com,Beauty_and_Fitness
estrellasoap.com,Beauty_and_Fitness
moodzspa.com,Beauty_and_Fitness
livingcanvastattoos.com,Beauty_and_Fitness
creativesnewedge.com.au,Beauty_and_Fitness
thesnugbeautysalon.com,Beauty_and_Fitness
ultimateskin.com,Beauty_and_Fitness
martleshamleisure.co.uk,Beauty_and_Fitness
cflri.ca,Beauty_and_Fitness
landmarkassociate.com,Beauty_and_Fitness
alexxxproject.ru,Beauty_and_Fitness
tattoo-howy.ch,Beauty_and_Fitness
skingraffiti-tattoo.com,Beauty_and_Fitness
permanentcosmeticsbytheresa.com,Beauty_and_Fitness
razorsedgedayspa.com,Beauty_and_Fitness
bellevue-duesseldorf.de,Beauty_and_Fitness
spaessentials.net,Beauty_and_Fitness
louissargeantfitness.com,Beauty_and_Fitness
privatefitnesscenter.com,Beauty_and_Fitness
skyhighfitness.com,Beauty_and_Fitness
essensa.com,Beauty_and_Fitness
mahann.com,Beauty_and_Fitness
hardbodypt.com,Beauty_and_Fitness
zavivka.com.ua,Beauty_and_Fitness
fitnessrepy.cz,Beauty_and_Fitness
inspirationshairandbeauty.co.uk,Beauty_and_Fitness
easyfitnessresults.com,Beauty_and_Fitness
primitiveorigins.co.uk,Beauty_and_Fitness
goldmedalfitness.com,Beauty_and_Fitness
sharkfitness.net,Beauty_and_Fitness
hairremovallaser.com,Beauty_and_Fitness
afrodita.md,Beauty_and_Fitness
extremepiercing.de,Beauty_and_Fitness
nextlevelfitnessri.com,Beauty_and_Fitness
zen-belfast.com,Beauty_and_Fitness
goatboy.us,Beauty_and_Fitness
rs-personaltrainer.it,Beauty_and_Fitness
australsalon.com,Beauty_and_Fitness
insigniahairstudios.com,Beauty_and_Fitness
personaltraineraberdeen.co.uk,Beauty_and_Fitness
outdoorfitness.com,Beauty_and_Fitness
solofitness.com,Beauty_and_Fitness
cohesionhair.co.uk,Beauty_and_Fitness
richbarbellfitness.com,Beauty_and_Fitness
vervesalon.ca,Beauty_and_Fitness
bugabootattoo.com,Beauty_and_Fitness
manhattannails.com.au,Beauty_and_Fitness
benziesalon.com,Beauty_and_Fitness
womanbeauty.co.nz,Beauty_and_Fitness
foundationfitness.co.uk,Beauty_and_Fitness
perfumepurveyors.com,Beauty_and_Fitness
one-2-onefitness.com,Beauty_and_Fitness
ezpermanentmakeup.com,Beauty_and_Fitness
mattyskincare.com,Beauty_and_Fitness
bodyshape.ch,Beauty_and_Fitness
wildorchidssalon.com,Beauty_and_Fitness
bodyexpress.com.au,Beauty_and_Fitness
remediesbeauty.co.uk,Beauty_and_Fitness
palaestra.nl,Beauty_and_Fitness
flexfitcenter.nl,Beauty_and_Fitness
sahling-bestofbeauty.de,Beauty_and_Fitness
blackmagictattoo.com,Beauty_and_Fitness
spa9700.com,Beauty_and_Fitness
venusvictoriaspa.ca,Beauty_and_Fitness
cubo-sauna.de,Beauty_and_Fitness
vikingtattoostudio.co.uk,Beauty_and_Fitness
corefitnessaz.com,Beauty_and_Fitness
abouthealthclubs.co.uk,Beauty_and_Fitness
hoffackerfitness.com,Beauty_and_Fitness
nikkistalder.ch,Beauty_and_Fitness
salon-salon.com,Beauty_and_Fitness
fitness-fit.hr,Beauty_and_Fitness
permanentcosmeticmakeup.com,Beauty_and_Fitness
inkjamtattoo.com,Beauty_and_Fitness
daneiden.com,Beauty_and_Fitness
horishige3.jp,Beauty_and_Fitness
dunnhair.co.uk,Beauty_and_Fitness
serenitydayspaonline.com,Beauty_and_Fitness
arboretum-skincare.com,Beauty_and_Fitness
lindaspilatescenter.com,Beauty_and_Fitness
edwardwadsworth.com,Beauty_and_Fitness
andrey-mokrousov.ru,Beauty_and_Fitness
alisawyatt.com,Beauty_and_Fitness
orderbeauty.com,Beauty_and_Fitness
kingsandqueenssalonspa.com,Beauty_and_Fitness
studyhair.com,Beauty_and_Fitness
agony89.com,Beauty_and_Fitness
weismorrisdayspa.com,Beauty_and_Fitness
movementsafoot.com,Beauty_and_Fitness
frisuren-trends.com,Beauty_and_Fitness
makeupdiva.com,Beauty_and_Fitness
wboase.de,Beauty_and_Fitness
inihairdesign.com,Beauty_and_Fitness
corekineticspilates.com,Beauty_and_Fitness
vanishings.ca,Beauty_and_Fitness
imakeupyou.com,Beauty_and_Fitness
studioflash.nl,Beauty_and_Fitness
salonj.com,Beauty_and_Fitness
salonlilu.ru,Beauty_and_Fitness
tattoo-temple.de,Beauty_and_Fitness
changingimages.net,Beauty_and_Fitness
cleanslatebeauty.com,Beauty_and_Fitness
dianafunfitness.com,Beauty_and_Fitness
sensiblefitness.com,Beauty_and_Fitness
antz-tattoo.de,Beauty_and_Fitness
pilates.nl,Beauty_and_Fitness
melaniemanson.com,Beauty_and_Fitness
sunbartanningsaloon.com,Beauty_and_Fitness
hairadvice.info,Beauty_and_Fitness
lotioncentral.com,Beauty_and_Fitness
clickonbeauty.com,Beauty_and_Fitness
fitnesstwins.com,Beauty_and_Fitness
strawberrynet.co.uk,Beauty_and_Fitness
pskincare.net,Beauty_and_Fitness
fitness.gniezno.pl,Beauty_and_Fitness
sparivier.ca,Beauty_and_Fitness
braidedimage.com,Beauty_and_Fitness
hellogorgeous.co.za,Beauty_and_Fitness
atlantishairtransplant.com,Beauty_and_Fitness
mghair.com,Beauty_and_Fitness
zdravotnicviceni.cz,Beauty_and_Fitness
delice-studio.ru,Beauty_and_Fitness
ruhairandbeauty.co.uk,Beauty_and_Fitness
murraysfairhair.nl,Beauty_and_Fitness
onsethair.com,Beauty_and_Fitness
chemimartgroup.com,Beauty_and_Fitness
sherryslavishingsoapandbath.com,Beauty_and_Fitness
musculus.nl,Beauty_and_Fitness
thehouseofbeauty.org.uk,Beauty_and_Fitness
blackwavetattoo.com,Beauty_and_Fitness
taoclinicedinburgh.co.uk,Beauty_and_Fitness
megahairelite.com,Beauty_and_Fitness
1001diets.com,Beauty_and_Fitness
bodyscapesstudio.com,Beauty_and_Fitness
pilatesbodiesofdenver.com,Beauty_and_Fitness
haircared.com,Beauty_and_Fitness
healthyskinbydesign.com,Beauty_and_Fitness
carolynnandcompany.com,Beauty_and_Fitness
moonhaven.com.au,Beauty_and_Fitness
soyou.co.nz,Beauty_and_Fitness
tacfitness.com,Beauty_and_Fitness
perfectskin.com,Beauty_and_Fitness
clintphillips.com,Beauty_and_Fitness
pampeck.com,Beauty_and_Fitness
elitepersonalfitness.com,Beauty_and_Fitness
pilatesstudiofairfield.com,Beauty_and_Fitness
sublimesourcery.com,Beauty_and_Fitness
coolidgecornergym.com,Beauty_and_Fitness
tedstattoo.com,Beauty_and_Fitness
salonkrasotka.ru,Beauty_and_Fitness
badhairday.biz,Beauty_and_Fitness
nases-tattoo.de,Beauty_and_Fitness
activedutyfitness.com,Beauty_and_Fitness
parfumerienasreen.com,Beauty_and_Fitness
dynamicweightcontrol.de,Beauty_and_Fitness
chistudio.ru,Beauty_and_Fitness
urbanbeauty.nl,Beauty_and_Fitness
intelligentfitnessnj.com,Beauty_and_Fitness
fitnessnow.com.au,Beauty_and_Fitness
m-crow.com,Beauty_and_Fitness
mariastrong.com,Beauty_and_Fitness
pilateskingdom.com,Beauty_and_Fitness
simonlesser.co.uk,Beauty_and_Fitness
mkaesthetics.co.uk,Beauty_and_Fitness
cheapsmells.com,Beauty_and_Fitness
beautymarked.com.au,Beauty_and_Fitness
2crow.com,Beauty_and_Fitness
apple2dayspa.com,Beauty_and_Fitness
thenailplacemarbella.com,Beauty_and_Fitness
skins-in.com,Beauty_and_Fitness
lewiestanning.com,Beauty_and_Fitness
bunshin-horitoshi.jp,Beauty_and_Fitness
i4beauty.co.uk,Beauty_and_Fitness
fitnesstrainer.co.il,Beauty_and_Fitness
twistedfitness.com,Beauty_and_Fitness
torontopersonaltrainer.net,Beauty_and_Fitness
pilates.it,Beauty_and_Fitness
hennaweb.com,Beauty_and_Fitness
i-feel-good.be,Beauty_and_Fitness
mindbodyprograms.com,Beauty_and_Fitness
headlines-salon.com,Beauty_and_Fitness
estebella.com,Beauty_and_Fitness
temptats.net,Beauty_and_Fitness
fitness-fragen.de,Beauty_and_Fitness
justhairproducts.com,Beauty_and_Fitness
bodyscentsations.com,Beauty_and_Fitness
saunaimelda.be,Beauty_and_Fitness
fitnessrevue.com,Beauty_and_Fitness
ancorahair.com.tr,Beauty_and_Fitness
tetovani.eu,Beauty_and_Fitness
janabeauty.com.au,Beauty_and_Fitness
olympiageel.be,Beauty_and_Fitness
austin-day-spa.com,Beauty_and_Fitness
edgewatersoaps.com,Beauty_and_Fitness
serenityskinaz.com,Beauty_and_Fitness
clubone.com,Beauty_and_Fitness
nusha-skincare.com,Beauty_and_Fitness
beautynetworksalon.co.uk,Beauty_and_Fitness
braidsinc.com,Beauty_and_Fitness
cassandra-tattoo.de,Beauty_and_Fitness
gemini-hair.co.uk,Beauty_and_Fitness
zahra.co.uk,Beauty_and_Fitness
ripar.com,Beauty_and_Fitness
topnotchhair.co.uk,Beauty_and_Fitness
santekenton.com,Beauty_and_Fitness
iwig.com,Beauty_and_Fitness
yogabellingham.com,Beauty_and_Fitness
essentially.com.au,Beauty_and_Fitness
salonnouveauaccessories.com,Beauty_and_Fitness
smfitness.co.uk,Beauty_and_Fitness
brownshairandbeauty.co.uk,Beauty_and_Fitness
ecp-cosmetics.com,Beauty_and_Fitness
komosishairstudio.com,Beauty_and_Fitness
niche-hair.co.uk,Beauty_and_Fitness
hairstyles.info,Beauty_and_Fitness
kinami.ac.jp,Beauty_and_Fitness
thecenterforwomensfitness.com,Beauty_and_Fitness
pilatesplus.net,Beauty_and_Fitness
nappyhairaffair.com,Beauty_and_Fitness
bodyfundamentals.com,Beauty_and_Fitness
phrcenters.com,Beauty_and_Fitness
pilatesunlimited.com,Beauty_and_Fitness
taggurrstattoos.com,Beauty_and_Fitness
m-steffen.de,Beauty_and_Fitness
thepurplesage.com,Beauty_and_Fitness
formfitness.com,Beauty_and_Fitness
themovementrefinery.com,Beauty_and_Fitness
bella5pts.com,Beauty_and_Fitness
haircountry.com,Beauty_and_Fitness
skinsolutionsvt.com,Beauty_and_Fitness
pgfitnessconnection.com,Beauty_and_Fitness
trypilates.com,Beauty_and_Fitness
striveptandfitness.com,Beauty_and_Fitness
hairshapers.com,Beauty_and_Fitness
laser-derm.com,Beauty_and_Fitness
hairlinehairgallery.com,Beauty_and_Fitness
michellefitness.com,Beauty_and_Fitness
stormcrowtattoo.com,Beauty_and_Fitness
allstarfitness.com,Beauty_and_Fitness
aviva-frauen-fitness.de,Beauty_and_Fitness
outlaw-tattoo-piercing.de,Beauty_and_Fitness
al-haut.com,Beauty_and_Fitness
phoenixmakeup.com,Beauty_and_Fitness
hairextensionsnow.com,Beauty_and_Fitness
dragon-needle.com,Beauty_and_Fitness
makeupbyarmando.com,Beauty_and_Fitness
activity-balance.de,Beauty_and_Fitness
corebody.ca,Beauty_and_Fitness
m-worldtattoo.com,Beauty_and_Fitness
trinitrotoluol.net,Beauty_and_Fitness
grecht.com,Beauty_and_Fitness
exxtensions.de,Beauty_and_Fitness
thefitnessgirl.com,Beauty_and_Fitness
thecuttingroomsalon.com,Beauty_and_Fitness
hairstop.com.au,Beauty_and_Fitness
italianbeauty.pl,Beauty_and_Fitness
dietsecrets.com,Beauty_and_Fitness
lauriceskincare.com,Beauty_and_Fitness
gymforcefitness.com,Beauty_and_Fitness
villapilates.it,Beauty_and_Fitness
perfect-beauty.at,Beauty_and_Fitness
markastore.ro,Beauty_and_Fitness
cooperlabs.com,Beauty_and_Fitness
alta-studio.ru,Beauty_and_Fitness
skin-art.net,Beauty_and_Fitness
funkygunstattoo.com,Beauty_and_Fitness
dom-helen.ru,Beauty_and_Fitness
ckhairsolutions.com,Beauty_and_Fitness
hair-salon-windsor.co.uk,Beauty_and_Fitness
extrafit.co.uk,Beauty_and_Fitness
remedyskincarecenter.com,Beauty_and_Fitness
uprise-tattoo.com,Beauty_and_Fitness
bontenhoriken.com,Beauty_and_Fitness
r-fitness.co.uk,Beauty_and_Fitness
fankadelic-tattoo.com,Beauty_and_Fitness
delos.in.ua,Beauty_and_Fitness
horiyu-funabashi.com,Beauty_and_Fitness
tedloofitness.com,Beauty_and_Fitness
ryandearringer.com,Beauty_and_Fitness
tattoo-perfection.ru,Beauty_and_Fitness
haarausfall-ratgeber.com,Beauty_and_Fitness
tokyo-horiyu.com,Beauty_and_Fitness
bodyperfectsalon.co.uk,Beauty_and_Fitness
bodytransforming.ru,Beauty_and_Fitness
hennaindia.com,Beauty_and_Fitness
radiantglow.co.uk,Beauty_and_Fitness
makeupbycc.com,Beauty_and_Fitness
beautymarksbycandace.com,Beauty_and_Fitness
beautymag.net,Beauty_and_Fitness
bodytattoos.com,Beauty_and_Fitness
bellaluzkerrville.com,Beauty_and_Fitness
paricmaster.ru,Beauty_and_Fitness
tattoomdla.com,Beauty_and_Fitness
aaelectrolysis.com,Beauty_and_Fitness
livefitnes.ru,Beauty_and_Fitness
pilatescenter.org,Beauty_and_Fitness
pilatesnorthwest.com,Beauty_and_Fitness
hqhairandbeauty.co.uk,Beauty_and_Fitness
jesoap.com,Beauty_and_Fitness
justskininc.com,Beauty_and_Fitness
remedyrooms.com,Beauty_and_Fitness
paintedpersonalities.com,Beauty_and_Fitness
friseurkiel.de,Beauty_and_Fitness
t3-tattoos.com,Beauty_and_Fitness
tattooandpiercingsupplies.com,Beauty_and_Fitness
avantihairsalon.com,Beauty_and_Fitness
groundfloornyc.com,Beauty_and_Fitness
makeupstudio.com.au,Beauty_and_Fitness
maron.no,Beauty_and_Fitness
purenvie.com,Beauty_and_Fitness
sensenailspa.com,Beauty_and_Fitness
thepalladium.com.au,Beauty_and_Fitness
physiciansskincare.com,Beauty_and_Fitness
salon-hairdesign.de,Beauty_and_Fitness
jonqualityhair.com,Beauty_and_Fitness
thirdpower-fitness.com,Beauty_and_Fitness
clipinsbycarol.com,Beauty_and_Fitness
lemormpi.com,Beauty_and_Fitness
florence-grimeur.nl,Beauty_and_Fitness
skinvive.com,Beauty_and_Fitness
fitchix.net,Beauty_and_Fitness
contigo-personal-training.de,Beauty_and_Fitness
djsfitness.com,Beauty_and_Fitness
edenbeautygroup.com,Beauty_and_Fitness
freedomfitnessbc.com,Beauty_and_Fitness
iloveyourhair.org,Beauty_and_Fitness
keraviehairsalon.com,Beauty_and_Fitness
piercing-by-bo.de,Beauty_and_Fitness
skintique.com,Beauty_and_Fitness
totalbodytraining.ca,Beauty_and_Fitness
yofit.nl,Beauty_and_Fitness
azizsalon.com,Beauty_and_Fitness
billyblanks.com,Beauty_and_Fitness
dermaglow.co.uk,Beauty_and_Fitness
gershwins-hairdressing.com,Beauty_and_Fitness
hair.ie,Beauty_and_Fitness
hamburg-friseur.de,Beauty_and_Fitness
nfa24.de,Beauty_and_Fitness
progress-pt.de,Beauty_and_Fitness
skinandslim.com.au,Beauty_and_Fitness
tattooaftercare.co.uk,Beauty_and_Fitness
hudoteket.se,Beauty_and_Fitness
barneyfrank.net,Beauty_and_Fitness
urtegaarden.dk,Beauty_and_Fitness
belcorp.biz,Beauty_and_Fitness
abc-of-yoga.com,Beauty_and_Fitness
yogayoga.com,Beauty_and_Fitness
charmcityyoga.com,Beauty_and_Fitness
fitness.com,Beauty_and_Fitness
hairrecovery.com.ar,Beauty_and_Fitness
naturapil.com,Beauty_and_Fitness
haircrazy.com,Beauty_and_Fitness
tigerfitness.com,Beauty_and_Fitness
sport-fitness-advisor.com,Beauty_and_Fitness
perriconemd.com,Beauty_and_Fitness
fitstep.com,Beauty_and_Fitness
afaa.com,Beauty_and_Fitness
myfit.ca,Beauty_and_Fitness
weleda.fr,Beauty_and_Fitness
heralopecia.com,Beauty_and_Fitness
liposuction.com,Beauty_and_Fitness
fitness.gov,Beauty_and_Fitness
sebamed.de,Beauty_and_Fitness
flexonline.com,Beauty_and_Fitness
fitness-france.fr,Beauty_and_Fitness
getbig.dk,Beauty_and_Fitness
ironman.ru,Beauty_and_Fitness
sportlife.cl,Beauty_and_Fitness
musculacion.net,Beauty_and_Fitness
