1100ad.com,Books_and_Literature
addresses.com,Books_and_Literature
allyoucanbooks.com,Books_and_Literature
amarboi.com,Books_and_Literature
ap.gov.in,Books_and_Literature
avcom.co.za,Books_and_Literature
bookscan.co.jp,Books_and_Literature
boxingblog.ru,Books_and_Literature
buch.de,Books_and_Literature
comfybingo.com,Books_and_Literature
dobre-ksiazki.com.pl,Books_and_Literature
ebrary.com,Books_and_Literature
fcx.com,Books_and_Literature
foto.com,Books_and_Literature
generalaviationnews.com,Books_and_Literature
glyde.com,Books_and_Literature
hoepli.it,Books_and_Literature
libri.hu,Books_and_Literature
mann-ivanov-ferber.ru,Books_and_Literature
martinus.sk,Books_and_Literature
mebmarket.com,Books_and_Literature
mima.163.com,Books_and_Literature
miniusa.com,Books_and_Literature
newposts.ge,Books_and_Literature
nieprzeczytane.pl,Books_and_Literature
orelhadelivro.com.br,Books_and_Literature
pof.es,Books_and_Literature
sans-detour.com,Books_and_Literature
scholarshipstats.com,Books_and_Literature
shuketxt.com,Books_and_Literature
talebook.ru,Books_and_Literature
tattoodrawingpics.com,Books_and_Literature
terrenouvelle.ca,Books_and_Literature
thevillages.net,Books_and_Literature
tvtc.org,Books_and_Literature
txt99.com,Books_and_Literature
uast.ac.ir,Books_and_Literature
vtcpatracking.com,Books_and_Literature
w-moon.net,Books_and_Literature
xcelenergy.com,Books_and_Literature
yonne-archives.fr,Books_and_Literature
savage99.com,Books_and_Literature
vtoraya-literatura.com,Books_and_Literature
newurbanism.org,Books_and_Literature
storedbooks.com,Books_and_Literature
george-macdonald.com,Books_and_Literature
publishersweekly.com,Books_and_Literature
librivox.org,Books_and_Literature
biblio.com,Books_and_Literature
27bslash6.com,Books_and_Literature
stephenking.com,Books_and_Literature
teleread.com,Books_and_Literature
gallimard.fr,Books_and_Literature
nosweatshakespeare.com,Books_and_Literature
duotrope.com,Books_and_Literature
pagebypagebooks.com,Books_and_Literature
amediavoz.com,Books_and_Literature
booksource.com,Books_and_Literature
siir-defteri.com,Books_and_Literature
verseschmiede.com,Books_and_Literature
authorsden.com,Books_and_Literature
literatura.us,Books_and_Literature
potw.org,Books_and_Literature
bookpage.com,Books_and_Literature
pocket.fr,Books_and_Literature
metiskitap.com,Books_and_Literature
awpwriter.org,Books_and_Literature
hpfanfiction.org,Books_and_Literature
liricon.ru,Books_and_Literature
literature.org.cn,Books_and_Literature
writerswrite.com,Books_and_Literature
wordswithoutborders.org,Books_and_Literature
qpb.com,Books_and_Literature
laffont.fr,Books_and_Literature
poetrysociety.org,Books_and_Literature
rinconcastellano.com,Books_and_Literature
lambdaliterary.org,Books_and_Literature
nielsenhayden.com,Books_and_Literature
justfreebooks.info,Books_and_Literature
poetrysociety.org.uk,Books_and_Literature
literaberinto.com,Books_and_Literature
carolhurst.com,Books_and_Literature
ewriters.it,Books_and_Literature
yabookscentral.com,Books_and_Literature
lyrikline.org,Books_and_Literature
emptymirrorbooks.com,Books_and_Literature
odilejacob.fr,Books_and_Literature
andersen.com.ua,Books_and_Literature
italialibri.net,Books_and_Literature
editions-tredaniel.com,Books_and_Literature
graphe.it,Books_and_Literature
histo-couch.de,Books_and_Literature
kamsha.ru,Books_and_Literature
cemeterydance.com,Books_and_Literature
christinefeehan.com,Books_and_Literature
kelleyarmstrong.com,Books_and_Literature
annerice.com,Books_and_Literature
letralia.com,Books_and_Literature
bygosh.com,Books_and_Literature
historicalnovelsociety.org,Books_and_Literature
horror.org,Books_and_Literature
alfaebooks.com,Books_and_Literature
neteditor.it,Books_and_Literature
englishpen.org,Books_and_Literature
darrenshan.com,Books_and_Literature
persephonebooks.co.uk,Books_and_Literature
camlibro.com.co,Books_and_Literature
flamingnet.com,Books_and_Literature
bradthor.com,Books_and_Literature
lem.pl,Books_and_Literature
e-litterature.net,Books_and_Literature
johnlecarre.com,Books_and_Literature
finwake.com,Books_and_Literature
poesur.com,Books_and_Literature
kafka-online.info,Books_and_Literature
millsandboon.com.au,Books_and_Literature
pitbook.com,Books_and_Literature
doubledaylargeprint.com,Books_and_Literature
harlancoben.com,Books_and_Literature
ben.cz,Books_and_Literature
perubookstore.com,Books_and_Literature
pratchett.org,Books_and_Literature
newlit.ru,Books_and_Literature
laurierking.com,Books_and_Literature
sfbook.com,Books_and_Literature
klassiker-der-weltliteratur.de,Books_and_Literature
salani.it,Books_and_Literature
guidelecture.com,Books_and_Literature
pratchett.pl,Books_and_Literature
classicauthors.net,Books_and_Literature
lynsaysands.net,Books_and_Literature
fictionfantasy.de,Books_and_Literature
enidblyton.net,Books_and_Literature
ctadams.com,Books_and_Literature
publicliterature.org,Books_and_Literature
ficticia.com,Books_and_Literature
around.com,Books_and_Literature
pug.fr,Books_and_Literature
carlhiaasen.com,Books_and_Literature
antiquebooks.ru,Books_and_Literature
ianmcewan.com,Books_and_Literature
eldigoras.com,Books_and_Literature
fiut.bg,Books_and_Literature
mercedeslackey.com,Books_and_Literature
readinggroupchoices.com,Books_and_Literature
harrypotterfacts.com,Books_and_Literature
firstwriter.com,Books_and_Literature
pandora.ca,Books_and_Literature
dreamcafe.com,Books_and_Literature
dukaj.pl,Books_and_Literature
sitaudis.fr,Books_and_Literature
robyncarr.com,Books_and_Literature
sherlock-holmes.org.uk,Books_and_Literature
catherinecoulter.com,Books_and_Literature
eoincolfer.com,Books_and_Literature
pankin.ru,Books_and_Literature
kerrelynsparks.com,Books_and_Literature
nancydrewsleuth.com,Books_and_Literature
suegrafton.com,Books_and_Literature
bigbridge.org,Books_and_Literature
stuartwoods.com,Books_and_Literature
crayne.com,Books_and_Literature
stabenow.com,Books_and_Literature
tchevalier.com,Books_and_Literature
art-poemes.com,Books_and_Literature
serpentstail.com,Books_and_Literature
yareads.com,Books_and_Literature
enriquevilamatas.com,Books_and_Literature
emergingwritersfestival.org.au,Books_and_Literature
tamora-pierce.com,Books_and_Literature
writersleague.org,Books_and_Literature
marjoriemliu.com,Books_and_Literature
terrygoodkind.fr,Books_and_Literature
carnegiegreenaway.org.uk,Books_and_Literature
portablepoetry.com,Books_and_Literature
mir-skazki.org,Books_and_Literature
mythsoc.org,Books_and_Literature
oharakay.com,Books_and_Literature
jajance.com,Books_and_Literature
secure-ebook.com,Books_and_Literature
tolkiensarda.se,Books_and_Literature
poetenladen.de,Books_and_Literature
judithbronte.com,Books_and_Literature
toddborg.com,Books_and_Literature
versalia.de,Books_and_Literature
terresdefemmes.blogs.com,Books_and_Literature
peggyorenstein.com,Books_and_Literature
jilltxt.net,Books_and_Literature
cheapestbookprice.com,Books_and_Literature
fourwaybooks.com,Books_and_Literature
katiemacalister.com,Books_and_Literature
saddiary.com,Books_and_Literature
dianapalmer.com,Books_and_Literature
historicalromancewriters.com,Books_and_Literature
litterature.org,Books_and_Literature
mhernandez.narod.ru,Books_and_Literature
rupprecht.de,Books_and_Literature
literaturhaus-berlin.de,Books_and_Literature
irisjohansen.com,Books_and_Literature
dulcerodrigues.info,Books_and_Literature
lauranumeroff.com,Books_and_Literature
write-and-publish-fiction.com,Books_and_Literature
redwall.org,Books_and_Literature
horrorworld.org,Books_and_Literature
newtonvillebooks.com,Books_and_Literature
robinbook.com,Books_and_Literature
munsterlit.ie,Books_and_Literature
janeheller.com,Books_and_Literature
poetryexpress.org,Books_and_Literature
ideas4writers.co.uk,Books_and_Literature
tomwolfe.com,Books_and_Literature
marines-editions.fr,Books_and_Literature
stephenlawhead.com,Books_and_Literature
shamlu.com,Books_and_Literature
childrensbooktrust.com,Books_and_Literature
publikator.org.ua,Books_and_Literature
webvivant.com,Books_and_Literature
holtuncensored.com,Books_and_Literature
mattchristopher.com,Books_and_Literature
lucymonroe.com,Books_and_Literature
haggardandhalloo.com,Books_and_Literature
livre-livre.com,Books_and_Literature
writersguild.ab.ca,Books_and_Literature
youngadultbookreviews.com,Books_and_Literature
shellythacker.com,Books_and_Literature
majipoor.com,Books_and_Literature
julietmarillier.com,Books_and_Literature
crystal-green.com,Books_and_Literature
ebookexpress.com,Books_and_Literature
anne-stuart.com,Books_and_Literature
termitnik.ru,Books_and_Literature
exactchange.com,Books_and_Literature
romanpopulaire.com,Books_and_Literature
whiteunicornbooks.com,Books_and_Literature
gedichteportal.de,Books_and_Literature
lovelib.com.ua,Books_and_Literature
brianlumley.com,Books_and_Literature
swedishbookreview.com,Books_and_Literature
pulpless.com,Books_and_Literature
robertbly.com,Books_and_Literature
michaelbehar.com,Books_and_Literature
califia.us,Books_and_Literature
artnovela.com.ar,Books_and_Literature
poetry.ne.jp,Books_and_Literature
stevemartini.com,Books_and_Literature
douglasclegg.com,Books_and_Literature
girlalive.com,Books_and_Literature
rezensionen.ch,Books_and_Literature
pnba.org,Books_and_Literature
ralphrobertmoore.com,Books_and_Literature
litopys.lviv.ua,Books_and_Literature
brookmyre.co.uk,Books_and_Literature
prorok.pl,Books_and_Literature
wordtrade.com,Books_and_Literature
ncpoetrysociety.org,Books_and_Literature
buchwelt.de,Books_and_Literature
iloveshakespeare.com,Books_and_Literature
arbredor.com,Books_and_Literature
constantcritic.com,Books_and_Literature
brooklynwriters.com,Books_and_Literature
editionsdelaloupe.com,Books_and_Literature
theresewalsh.com,Books_and_Literature
simonkernick.com,Books_and_Literature
pkdickbooks.com,Books_and_Literature
traciepeterson.com,Books_and_Literature
infodar.com,Books_and_Literature
poetichouse.com,Books_and_Literature
maksimbogdanovich.ru,Books_and_Literature
achuka.co.uk,Books_and_Literature
canadianbookclubs.com,Books_and_Literature
albiana.fr,Books_and_Literature
colinthompson.com,Books_and_Literature
booknest.ie,Books_and_Literature
arcpublications.co.uk,Books_and_Literature
mage.com,Books_and_Literature
madnorwegian.com,Books_and_Literature
quarante-deux.org,Books_and_Literature
mordovina.ru,Books_and_Literature
lynnegraham.com,Books_and_Literature
infinitas.com.au,Books_and_Literature
nicolacornick.co.uk,Books_and_Literature
lazette.net,Books_and_Literature
steerforth.com,Books_and_Literature
stockcero.com,Books_and_Literature
newsthinking.com,Books_and_Literature
copperfieldreview.com,Books_and_Literature
passarella.com,Books_and_Literature
hollywest.com,Books_and_Literature
stenobooks.com,Books_and_Literature
stevencscheer.com,Books_and_Literature
kiki-jiji.com,Books_and_Literature
barbarahambly.com,Books_and_Literature
stellacameron.com,Books_and_Literature
petermay.co.uk,Books_and_Literature
johnjakes.com,Books_and_Literature
lucishaw.com,Books_and_Literature
kathylynnharris.com,Books_and_Literature
medievalhebrewpoetry.org,Books_and_Literature
japanlovestory.jp,Books_and_Literature
alittlepoetry.com,Books_and_Literature
damaschke.de,Books_and_Literature
postigayayinlari.com,Books_and_Literature
lewhunter.com,Books_and_Literature
litcologne.de,Books_and_Literature
bookpleasures.com,Books_and_Literature
scottturow.com,Books_and_Literature
readingmatters.net,Books_and_Literature
pudelmuetzes-buecherwelten.de,Books_and_Literature
christopherricebooks.com,Books_and_Literature
editionsducygne.com,Books_and_Literature
markbinder.com,Books_and_Literature
verlakay.com,Books_and_Literature
el-recreo.com,Books_and_Literature
robindowens.com,Books_and_Literature
laurawright.com,Books_and_Literature
kniznyshop.sk,Books_and_Literature
orbedragones.com,Books_and_Literature
writers-voice.com,Books_and_Literature
nicolagriffith.com,Books_and_Literature
andreusotorra.com,Books_and_Literature
fallforthebook.org,Books_and_Literature
coloradoauthors.org,Books_and_Literature
kudryavitsky.narod.ru,Books_and_Literature
christinaskye.com,Books_and_Literature
gedichte2000.de,Books_and_Literature
kateandsarahklise.com,Books_and_Literature
susanandersen.com,Books_and_Literature
kotapress.com,Books_and_Literature
dcpoetry.com,Books_and_Literature
edwardhumes.com,Books_and_Literature
brindleandglass.com,Books_and_Literature
mockingbirdbooksgl.com,Books_and_Literature
lauraleeguhrke.com,Books_and_Literature
almezzer.com,Books_and_Literature
authoryellowpages.com,Books_and_Literature
owfi.org,Books_and_Literature
accrispin.com,Books_and_Literature
eulenfeder.de,Books_and_Literature
kate-walker.com,Books_and_Literature
epika.cz,Books_and_Literature
sherrilsmith.com,Books_and_Literature
overmydeadbody.com,Books_and_Literature
freeebooknetwork.com,Books_and_Literature
lamajadesnuda.com,Books_and_Literature
melaniejackson.com,Books_and_Literature
poetrycan.co.uk,Books_and_Literature
karentempleton.com,Books_and_Literature
prince-books.com,Books_and_Literature
martinadevlin.com,Books_and_Literature
berkaboek.nl,Books_and_Literature
highchair.com.ph,Books_and_Literature
ryomichico.net,Books_and_Literature
tvpress.com,Books_and_Literature
ninabangs.com,Books_and_Literature
poetsonline.org,Books_and_Literature
rachelzucker.net,Books_and_Literature
rebeccayork.com,Books_and_Literature
federationofpoets.com,Books_and_Literature
deborahhale.com,Books_and_Literature
wmpub.ca,Books_and_Literature
poetik.ru,Books_and_Literature
robertpottle.com,Books_and_Literature
grahamandrews.com,Books_and_Literature
mythopoetry.com,Books_and_Literature
timebeing.com,Books_and_Literature
poesiaerestu.com,Books_and_Literature
livre-a-paris.com,Books_and_Literature
amergin.net,Books_and_Literature
oiedecravan.com,Books_and_Literature
yakubovich.com,Books_and_Literature
tynewydd.org,Books_and_Literature
detective-fiction.com,Books_and_Literature
the2ndhand.com,Books_and_Literature
rickmofina.com,Books_and_Literature
sfwp.com,Books_and_Literature
magnoliahill.com,Books_and_Literature
guruge.com,Books_and_Literature
edizionimaestrale.com,Books_and_Literature
margaretmoore.com,Books_and_Literature
cherylktardif.com,Books_and_Literature
sproutlore.com,Books_and_Literature
socadis.com,Books_and_Literature
haikuworld.org,Books_and_Literature
nonsoloaforismi.it,Books_and_Literature
locus7.gr,Books_and_Literature
lisawestbergpeters.com,Books_and_Literature
danielwallace.org,Books_and_Literature
joecliffordfaust.com,Books_and_Literature
jenniferfallon.com,Books_and_Literature
susankrinard.com,Books_and_Literature
goodbooksbadcoffee.com,Books_and_Literature
igorpol.ru,Books_and_Literature
ebookpro.com,Books_and_Literature
leniamajor.com,Books_and_Literature
arthurslade.com,Books_and_Literature
telegrambooks.com,Books_and_Literature
dontate.com,Books_and_Literature
annlawrence.com,Books_and_Literature
dhlawrencereview.org,Books_and_Literature
bywords.ca,Books_and_Literature
booksunderreview.com,Books_and_Literature
imajinnbooks.com,Books_and_Literature
willhillenbrand.com,Books_and_Literature
crimepays.com,Books_and_Literature
markberent.com,Books_and_Literature
goldenagestories.com,Books_and_Literature
wilkiecollins.com,Books_and_Literature
acole.com,Books_and_Literature
jackkerley.com,Books_and_Literature
elazarillo.net,Books_and_Literature
kindaibungeisha.com,Books_and_Literature
janetlapierre.com,Books_and_Literature
westonochse.com,Books_and_Literature
thelordoftherings.com,Books_and_Literature
elainecunningham.com,Books_and_Literature
robertadamson.com,Books_and_Literature
patriciasimpson.com,Books_and_Literature
foxchasereview.org,Books_and_Literature
robertellis.net,Books_and_Literature
leoaylen.com,Books_and_Literature
ecrivains-nc.net,Books_and_Literature
megancrane.com,Books_and_Literature
100pour100haiku.fr,Books_and_Literature
bronwynjameson.com,Books_and_Literature
luciastclairrobson.com,Books_and_Literature
sulliver.com,Books_and_Literature
garayzsuzsanna.hu,Books_and_Literature
ebooksubmit.com,Books_and_Literature
yellapalooza.com,Books_and_Literature
tracybarrett.com,Books_and_Literature
poetryguy.com,Books_and_Literature
theontariopoetrysociety.ca,Books_and_Literature
dmytro-bond.narod.ru,Books_and_Literature
sl-writers-series.org,Books_and_Literature
walterhunt.com,Books_and_Literature
panchoaquino.com.ar,Books_and_Literature
multilingualbooks.com,Books_and_Literature
chelseagreen.com,Books_and_Literature
academia-pc.com.ua,Books_and_Literature
dinarubina.com,Books_and_Literature
lyceumbooks.com,Books_and_Literature
hukukmarket.com,Books_and_Literature
sweetandmaxwell.co.uk,Books_and_Literature
jamesdashner.com,Books_and_Literature
banuavar.com.tr,Books_and_Literature
pridmorebookmakers.co.uk,Books_and_Literature
