7dayvegan.com,Business_and_Industry
ab.com,Business_and_Industry
abb.com,Business_and_Industry
agrarheute.com,Business_and_Industry
algriumengraving.com,Business_and_Industry
amm.com,Business_and_Industry
appliedmaterials.com,Business_and_Industry
bakerhughes.com,Business_and_Industry
bevyup.com,Business_and_Industry
centsationalgirl.com,Business_and_Industry
chevron.com,Business_and_Industry
coloradomountainexpress.com,Business_and_Industry
conservationrebates.com,Business_and_Industry
construction.com,Business_and_Industry
construmatica.com,Business_and_Industry
craneae.com,Business_and_Industry
dhl-geschaeftskundenportal.de,Business_and_Industry
dpp.cz,Business_and_Industry
dtn.com,Business_and_Industry
elegantweddinginvites.com,Business_and_Industry
ezcommerce.com.br,Business_and_Industry
fibreglast.com,Business_and_Industry
fraternityx.com,Business_and_Industry
fxiaoke.com,Business_and_Industry
globalsolving.it,Business_and_Industry
goodmanmfg.com,Business_and_Industry
groometransportation.com,Business_and_Industry
gtsteel.com,Business_and_Industry
hotwirefoamfactory.com,Business_and_Industry
immobiliare.it,Business_and_Industry
ingersollrandproducts.com,Business_and_Industry
koica.go.kr,Business_and_Industry
linkerfriend.com,Business_and_Industry
mcafeesecure.com,Business_and_Industry
millerwelds.com,Business_and_Industry
milliken.com,Business_and_Industry
mobiplayatlantique.com,Business_and_Industry
myheritage.dk,Business_and_Industry
nauticexpo.fr,Business_and_Industry
newportmansions.org,Business_and_Industry
originenergy.com.au,Business_and_Industry
pap.fr,Business_and_Industry
plimor.com.br,Business_and_Industry
premex.eu,Business_and_Industry
pronostic-facile.fr,Business_and_Industry
pseg.com,Business_and_Industry
reitix.com,Business_and_Industry
rinse.com,Business_and_Industry
sectormatematica.cl,Business_and_Industry
shellsmart.com,Business_and_Industry
silverstackers.com,Business_and_Industry
space-airbusds.com,Business_and_Industry
spedition-umzug.com,Business_and_Industry
steeltecnica.it,Business_and_Industry
tlo.com,Business_and_Industry
uservoice.com,Business_and_Industry
warpex.com,Business_and_Industry
wnu.com,Business_and_Industry
worldofhummingbirds.com,Business_and_Industry
ylilauta.org,Business_and_Industry
yurticikargo.com,Business_and_Industry
tanquescafito.com.ar,Business_and_Industry
remes.pl,Business_and_Industry
nanyan-dressing.com,Business_and_Industry
fitlady.com.hk,Business_and_Industry
naftogaz.com,Business_and_Industry
konstrukce.cz,Business_and_Industry
gasukraine.com.ua,Business_and_Industry
cembrit.cz,Business_and_Industry
krentz-quick.com,Business_and_Industry
sherrirosen.com,Business_and_Industry
precisely.com,Business_and_Industry
labadini.it,Business_and_Industry
republicservices.com,Business_and_Industry
fortum.com,Business_and_Industry
wrap.org.uk,Business_and_Industry
nei.org,Business_and_Industry
fondriest.com,Business_and_Industry
malarenergi.se,Business_and_Industry
sare.org,Business_and_Industry
wbcsd.org,Business_and_Industry
energysolutions.com,Business_and_Industry
ballard.com,Business_and_Industry
sodra.com,Business_and_Industry
renewableenergyfocus.com,Business_and_Industry
nfuonline.com,Business_and_Industry
fuelcellenergy.com,Business_and_Industry
plugpower.com,Business_and_Industry
ioga.com,Business_and_Industry
dmt.de,Business_and_Industry
calpine.com,Business_and_Industry
amebc.ca,Business_and_Industry
a-hus.se,Business_and_Industry
frico.se,Business_and_Industry
prospecbio.com,Business_and_Industry
greenseal.org,Business_and_Industry
lantmannenmaskin.se,Business_and_Industry
okg.se,Business_and_Industry
mbe.fi,Business_and_Industry
dos.co.th,Business_and_Industry
hydrogenics.com,Business_and_Industry
nucleartourist.com,Business_and_Industry
reactors.narod.ru,Business_and_Industry
ebo.se,Business_and_Industry
brunelmicroscopes.co.uk,Business_and_Industry
poste.ch,Business_and_Industry
socar.az,Business_and_Industry
cnfl.go.cr,Business_and_Industry
msebindia.com,Business_and_Industry
igd.com,Business_and_Industry
barmans.co.uk,Business_and_Industry
soundbrew.com,Business_and_Industry
canadean.com,Business_and_Industry
dei.gr,Business_and_Industry
catchy.ro,Business_and_Industry
asaecenter.org,Business_and_Industry
ntuc.org.sg,Business_and_Industry
hit.com.hk,Business_and_Industry
ovam.be,Business_and_Industry
allisontransmission.com,Business_and_Industry
marathonpetroleum.com,Business_and_Industry
cmcmarkets.co.uk,Business_and_Industry
moneymarketing.co.uk,Business_and_Industry
paystation.co.nz,Business_and_Industry
sfm-offshore.com,Business_and_Industry
forexworld.us,Business_and_Industry
aconex.com,Business_and_Industry
tek.com,Business_and_Industry
magnolia-cms.com,Business_and_Industry
brownstoner.com,Business_and_Industry
propertypanorama.com,Business_and_Industry
