022menchuang.net,Career_and_Education
aipmt.nic.in,Career_and_Education
apteachers.in,Career_and_Education
artnindia.com,Career_and_Education
askwaltstollmd.com,Career_and_Education
bakercharters.org,Career_and_Education
bdjobs.com,Career_and_Education
belancer.com,Career_and_Education
campoalto.edu.co,Career_and_Education
campusachs.com,Career_and_Education
cengage.com,Career_and_Education
computrabajo.com.co,Career_and_Education
csuft.edu.cn,Career_and_Education
de-online.ru,Career_and_Education
dtu.dk,Career_and_Education
edgemont.org,Career_and_Education
ekospace.cz,Career_and_Education
electroniccigaretteconsumerreviews.com,Career_and_Education
ernet.in,Career_and_Education
fafu.edu.cn,Career_and_Education
flvsft.net,Career_and_Education
hawkeslearning.com,Career_and_Education
hellenic-catering.gr,Career_and_Education
hq88.com,Career_and_Education
ibehavioraltraining.com,Career_and_Education
indiabix.com,Career_and_Education
insabiacademy.com,Career_and_Education
istanbul.edu.tr,Career_and_Education
jagranjosh.com,Career_and_Education
jobs.bg,Career_and_Education
lifewest.edu,Career_and_Education
malwareremovalguides.info,Career_and_Education
martin.edu.au,Career_and_Education
meandle.com,Career_and_Education
mheducation.com,Career_and_Education
mostaql.com,Career_and_Education
nationaljobsonline.com,Career_and_Education
nku.cn,Career_and_Education
northwestern.edu,Career_and_Education
philjobs.org,Career_and_Education
ppdbdki.org,Career_and_Education
pucp.edu.pe,Career_and_Education
reefkeeping.com,Career_and_Education
sanko.ac.jp,Career_and_Education
saraba1st.com,Career_and_Education
scholarship.hu,Career_and_Education
schoolsoft.se,Career_and_Education
ssscholarship.com,Career_and_Education
studentski.net,Career_and_Education
thinkthroughmath.com,Career_and_Education
timesjobs.com,Career_and_Education
udacity.com,Career_and_Education
uniarea.com,Career_and_Education
ventureloop.com,Career_and_Education
vitalk.vn,Career_and_Education
vivaloan.com,Career_and_Education
fitzwaryn.oxon.sch.uk,Career_and_Education
gedaechtnistraining.com,Career_and_Education
linguanaut.com,Career_and_Education
xtu.edu.cn,Career_and_Education
bgbm.org,Career_and_Education
foonyew.edu.my,Career_and_Education
ghrabuvka.cz,Career_and_Education
panska.cz,Career_and_Education
odbskmb.cz,Career_and_Education
gyrec.cz,Career_and_Education
hladnov.cz,Career_and_Education
gybon.cz,Career_and_Education
postupicka.cz,Career_and_Education
hhtc.edu.cn,Career_and_Education
oakv.cz,Career_and_Education
stsmihajlopupin.edu.rs,Career_and_Education
sfxs.edu.hk,Career_and_Education
souhorky.cz,Career_and_Education
berlitz.co.il,Career_and_Education
grk.cz,Career_and_Education
gyby.cz,Career_and_Education
souviz.cz,Career_and_Education
gymsusice.cz,Career_and_Education
hgnc.net,Career_and_Education
gch.cz,Career_and_Education
skolalipa.cz,Career_and_Education
zs-raf.cz,Career_and_Education
aslib.com,Career_and_Education
gymdom.cz,Career_and_Education
plklsp.edu.hk,Career_and_Education
2zsberoun.cz,Career_and_Education
galegroup.com,Career_and_Education
navneet.com,Career_and_Education
itc.nl,Career_and_Education
it-gymnasiet.se,Career_and_Education
upm.ro,Career_and_Education
fhs.se,Career_and_Education
learndutch.org,Career_and_Education
medborgarskolan.se,Career_and_Education
ucu.edu.ua,Career_and_Education
mlcjapanese.co.jp,Career_and_Education
greek-language.com,Career_and_Education
poenitz-net.de,Career_and_Education
learnkorean.com,Career_and_Education
elf-english.ru,Career_and_Education
fryshuset.se,Career_and_Education
sensus.se,Career_and_Education
english-for-techies.net,Career_and_Education
knowyourtype.com,Career_and_Education
unicyb.kiev.ua,Career_and_Education
sanskrit.nic.in,Career_and_Education
philippe-fournier-viger.com,Career_and_Education
stosselintheclassroom.org,Career_and_Education
astrouw.edu.pl,Career_and_Education
school-2.com,Career_and_Education
nlp-now.co.uk,Career_and_Education
pedcollege.kiev.ua,Career_and_Education
ulpanor.com,Career_and_Education
intercultural.org,Career_and_Education
ifd.uni.wroc.pl,Career_and_Education
manhattan-institute.org,Career_and_Education
duksung.ac.kr,Career_and_Education
mtoliveboe.org,Career_and_Education
isi.org,Career_and_Education
naspaa.org,Career_and_Education
theworkfoundation.com,Career_and_Education
imuna.org,Career_and_Education
ieee.es,Career_and_Education
karnscity.k12.pa.us,Career_and_Education
ysu.ac.kr,Career_and_Education
siebelinstitute.com,Career_and_Education
tsurumi-u.ac.jp,Career_and_Education
donorschoose.org,Career_and_Education
joy.com.tw,Career_and_Education
west-windsor-plainsboro.k12.nj.us,Career_and_Education
justiceharvard.org,Career_and_Education
aua.am,Career_and_Education
whatisorange.org,Career_and_Education
cfni.org,Career_and_Education
tke.org,Career_and_Education
fcclainc.org,Career_and_Education
glion.edu,Career_and_Education
fryeburgacademy.org,Career_and_Education
rcsed.ac.uk,Career_and_Education
cmkp.edu.pl,Career_and_Education
brcn.edu,Career_and_Education
rcr.ac.uk,Career_and_Education
aecc.ac.uk,Career_and_Education
lu.lv,Career_and_Education
uni-corvinus.hu,Career_and_Education
llu.lv,Career_and_Education
trapezeschool.com,Career_and_Education
siusalukis.com,Career_and_Education
utrockets.com,Career_and_Education
afsascholarship.org,Career_and_Education
driessen.nl,Career_and_Education
aicpcu.org,Career_and_Education
homeandlearn.co.uk,Career_and_Education
iba.edu.pk,Career_and_Education
bartin.edu.tr,Career_and_Education
ugd.edu.mk,Career_and_Education
emplois-espaces.com,Career_and_Education
smm.lt,Career_and_Education
stqou.com,Career_and_Education
