111cn.net,Computer_and_Electronics
411-spyware.com,Computer_and_Electronics
actonsoftware.com,Computer_and_Electronics
apiary.io,Computer_and_Electronics
buffalo.jp,Computer_and_Electronics
cellcontrol.com,Computer_and_Electronics
clienttrack.net,Computer_and_Electronics
codechef.com,Computer_and_Electronics
codeforces.com,Computer_and_Electronics
combofix.org,Computer_and_Electronics
consoloservices.com,Computer_and_Electronics
cyberlab.info,Computer_and_Electronics
datatables.net,Computer_and_Electronics
diveintohtml5.info,Computer_and_Electronics
drweb.ru,Computer_and_Electronics
duba.net,Computer_and_Electronics
enigma-recovery.com,Computer_and_Electronics
gaussian.com,Computer_and_Electronics
gophercon.com,Computer_and_Electronics
haskell.org,Computer_and_Electronics
htmlgoodies.com,Computer_and_Electronics
mcafeeprotection.com,Computer_and_Electronics
mobizen.com,Computer_and_Electronics
netzwerke.com,Computer_and_Electronics
office.com,Computer_and_Electronics
polymer-project.org,Computer_and_Electronics
powerbi.com,Computer_and_Electronics
propccleaner.com,Computer_and_Electronics
quip.com,Computer_and_Electronics
regprocleaner.com,Computer_and_Electronics
remixpack.net,Computer_and_Electronics
sensorstechforum.com,Computer_and_Electronics
shade3d.jp,Computer_and_Electronics
slides.com,Computer_and_Electronics
sql.ru,Computer_and_Electronics
sun.com,Computer_and_Electronics
thermoline.com.au,Computer_and_Electronics
ufonts.com,Computer_and_Electronics
userbenchmark.com,Computer_and_Electronics
wifi-online.es,Computer_and_Electronics
xkit.info,Computer_and_Electronics
movieoutline.com,Computer_and_Electronics
editorsoftware.com,Computer_and_Electronics
blackobelisksoftware.com,Computer_and_Electronics
writerspage.com,Computer_and_Electronics
electronics-lab.com,Computer_and_Electronics
statsdirect.com,Computer_and_Electronics
batronix.com,Computer_and_Electronics
gisworkshop.com,Computer_and_Electronics
energylens.com,Computer_and_Electronics
ssicentral.com,Computer_and_Electronics
maxqda.com,Computer_and_Electronics
geneious.com,Computer_and_Electronics
cygnus-software.com,Computer_and_Electronics
mathmagic.com,Computer_and_Electronics
mchmultimedia.com,Computer_and_Electronics
cscs.ch,Computer_and_Electronics
ilnumerics.net,Computer_and_Electronics
empirisoft.com,Computer_and_Electronics
maxqda.de,Computer_and_Electronics
xbeta.info,Computer_and_Electronics
acstechnologies.com,Computer_and_Electronics
decoz.com,Computer_and_Electronics
nissan.com,Computer_and_Electronics
blaupunkt.com,Computer_and_Electronics
compustar.com,Computer_and_Electronics
goer.org,Computer_and_Electronics
geekstoy.com,Computer_and_Electronics
binteko.com,Computer_and_Electronics
secutec.fr,Computer_and_Electronics
paycomonline.com,Computer_and_Electronics
devexperts.com,Computer_and_Electronics
launchpad.net,Computer_and_Electronics
cplusplus.com,Computer_and_Electronics
omgubuntu.co.uk,Computer_and_Electronics
pdftoword.com,Computer_and_Electronics
instantservice.com,Computer_and_Electronics
gliffy.com,Computer_and_Electronics
wampserver.com,Computer_and_Electronics
inkfrog.com,Computer_and_Electronics
perl.org,Computer_and_Electronics
pfsense.org,Computer_and_Electronics
nikon.com,Computer_and_Electronics
nozbe.com,Computer_and_Electronics
omnigroup.com,Computer_and_Electronics
arm.com,Computer_and_Electronics
faststone.org,Computer_and_Electronics
phpmyadmin.net,Computer_and_Electronics
qualys.com,Computer_and_Electronics
checkpoint.com,Computer_and_Electronics
westerndigital.com,Computer_and_Electronics
partition-tool.com,Computer_and_Electronics
pingidentity.com,Computer_and_Electronics
backup.com,Computer_and_Electronics
openssl.org,Computer_and_Electronics
whitehatsec.com,Computer_and_Electronics
reminderfox.org,Computer_and_Electronics
supermicro.com,Computer_and_Electronics
codeblocks.org,Computer_and_Electronics
mono-project.com,Computer_and_Electronics
paretologic.com,Computer_and_Electronics
sonicwall.com,Computer_and_Electronics
linhadecodigo.com.br,Computer_and_Electronics
codeweavers.com,Computer_and_Electronics
ijinshan.com,Computer_and_Electronics
jade-lang.com,Computer_and_Electronics
functionx.com,Computer_and_Electronics
eset.hk,Computer_and_Electronics
llvm.org,Computer_and_Electronics
devx.com,Computer_and_Electronics
sqlalchemy.org,Computer_and_Electronics
javadrive.jp,Computer_and_Electronics
websense.com,Computer_and_Electronics
virtualdub.org,Computer_and_Electronics
xubuntu.org,Computer_and_Electronics
pcsteps.gr,Computer_and_Electronics
tcl.tk,Computer_and_Electronics
opensourcecms.com,Computer_and_Electronics
javascript-coder.com,Computer_and_Electronics
erlang.org,Computer_and_Electronics
htaccesstools.com,Computer_and_Electronics
elcomsoft.com,Computer_and_Electronics
xara.com,Computer_and_Electronics
centercode.com,Computer_and_Electronics
openbsd.org,Computer_and_Electronics
ultimatesoftware.com,Computer_and_Electronics
express-files.com,Computer_and_Electronics
libsdl.org,Computer_and_Electronics
latex-project.org,Computer_and_Electronics
eset.hu,Computer_and_Electronics
biostar.com.tw,Computer_and_Electronics
pdfconverter.com,Computer_and_Electronics
markshuttleworth.com,Computer_and_Electronics
inmatrix.com,Computer_and_Electronics
softwareag.com,Computer_and_Electronics
memtest86.com,Computer_and_Electronics
wacom.co.jp,Computer_and_Electronics
webyog.com,Computer_and_Electronics
clojuredocs.org,Computer_and_Electronics
regcure.com,Computer_and_Electronics
tweaks.pl,Computer_and_Electronics
ajpdsoft.com,Computer_and_Electronics
versionone.com,Computer_and_Electronics
amahi.org,Computer_and_Electronics
gaijin.at,Computer_and_Electronics
flashget.com,Computer_and_Electronics
packardbell.com,Computer_and_Electronics
pdfsam.org,Computer_and_Electronics
clearfoundation.com,Computer_and_Electronics
mantisbt.org,Computer_and_Electronics
jsoup.org,Computer_and_Electronics
racket-lang.org,Computer_and_Electronics
jmp.com,Computer_and_Electronics
arclab.com,Computer_and_Electronics
osx86project.org,Computer_and_Electronics
snort.org,Computer_and_Electronics
openfoundry.org,Computer_and_Electronics
willmaster.com,Computer_and_Electronics
bestbyte.hu,Computer_and_Electronics
dell.com.cn,Computer_and_Electronics
xiper.net,Computer_and_Electronics
eccouncil.org,Computer_and_Electronics
ghg.com,Computer_and_Electronics
macosxautomation.com,Computer_and_Electronics
metasploit.com,Computer_and_Electronics
eax.me,Computer_and_Electronics
sysresccd.org,Computer_and_Electronics
voxengo.com,Computer_and_Electronics
twistedmatrix.com,Computer_and_Electronics
dell.co.jp,Computer_and_Electronics
autodesk.fr,Computer_and_Electronics
getsharepod.com,Computer_and_Electronics
lavalys.com,Computer_and_Electronics
online-excel.de,Computer_and_Electronics
nextup.com,Computer_and_Electronics
win7dwnld.com,Computer_and_Electronics
hplipopensource.com,Computer_and_Electronics
clickteam.com,Computer_and_Electronics
tads.org,Computer_and_Electronics
