21st.com,Finance
anz.com,Finance
binaryuno.com,Finance
castlepayday.com,Finance
cbcblueprint.com,Finance
cmbchina.com,Finance
cpacanada.ca,Finance
dnb.no,Finance
e-sar.com.mx,Finance
financeflips.com,Finance
financegarage.com,Finance
findcapacity.com,Finance
forexguidebook.com,Finance
gofin.pl,Finance
homesite.com,Finance
hrblock.in,Finance
jpmccc.de,Finance
kabutan.jp,Finance
keytradebank.be,Finance
masterconsultas.com.ar,Finance
maxi-fx.ru,Finance
motleyfool.com,Finance
mutuelle-medicis.com,Finance
navient.com,Finance
newyorklife.com,Finance
optionfair.com,Finance
payday411.com,Finance
pichincha.com,Finance
sofi.com,Finance
stockabout.com,Finance
taxact.com,Finance
ufx.com,Finance
ukoptions.com,Finance
usinsuranceonline.com,Finance
waehrungsrechner-euro.com,Finance
wellsfargodealerservices.com,Finance
westpac.com.au,Finance
al-alami.com,Finance
burinka.cz,Finance
upc.ua,Finance
afdanalyse.ru,Finance
dallasfed.org,Finance
kansascityfed.org,Finance
kalkulator.pl,Finance
economatica.com,Finance
calcul-impots.com,Finance
cfe.fr,Finance
banguat.gob.gt,Finance
ctcbonline.com,Finance
ctj.org,Finance
kir.com.pl,Finance
sgmaroc-online.com,Finance
eccu.org,Finance
better-fundraising-ideas.com,Finance
wellsfargodealerservices.com,Finance
warrantydirect.com,Finance
mandatumlife.fi,Finance
westfieldhealth.com,Finance
dinersclub.com.ec,Finance
burgan.com,Finance
kalkinma.com.tr,Finance
set.or.th,Finance
nbg.gr,Finance
caclubindia.com,Finance
lansforsakringar.se,Finance
ukrsibbank.com,Finance
mortgagecalculator.org,Finance
yesbank.in,Finance
epymtservice.com,Finance
quickenloans.com,Finance
stlouisfed.org,Finance
resona-gr.co.jp,Finance
bankofcyprus.com,Finance
gs.com,Finance
kh.hu,Finance
muhasebedersleri.com,Finance
bancodeoccidente.com.co,Finance
cboe.com,Finance
mataf.net,Finance
askaribank.com.pk,Finance
perfectmoney.com,Finance
vacu.org,Finance
100dayloans.com,Finance
saxobank.com,Finance
obmenka.kharkov.ua,Finance
alfabank.com.ua,Finance
bancolombia.com.co,Finance
datacash.com,Finance
pinnbank.com,Finance
ecu.com,Finance
kombank.com,Finance
speedycash.com,Finance
svb.com,Finance
iselect.com.au,Finance
lhv.ee,Finance
azstcu.org,Finance
citibank.co.kr,Finance
nasafcu.com,Finance
maybank.com.sg,Finance
achievacu.com,Finance
financial-planning.com,Finance
bfsfcu.org,Finance
bgr.com.ec,Finance
islamibankbd.com,Finance
nbarizona.com,Finance
mortgagequestions.com,Finance
simmonsfirst.com,Finance
creberg.it,Finance
integralmenkul.com.tr,Finance
northerntrust.com,Finance
imb.com.au,Finance
americancentury.com,Finance
procreditbank.com.ua,Finance
barcap.com,Finance
pfcu.com,Finance
fccu.org,Finance
blkb.ch,Finance
republictt.com,Finance
eastmancu.org,Finance
cba.am,Finance
selco.org,Finance
fxteam.ru,Finance
millenniumbim.co.mz,Finance
ringgitplus.com,Finance
natwestoffshore.com,Finance
parknationalcorp.com,Finance
ratecity.com.au,Finance
foundersfcu.com,Finance
banki.ua,Finance
western.org,Finance
ssf.no,Finance
bdo.com,Finance
usfed.org,Finance
atfcu.org,Finance
sunflowerbank.com,Finance
cbd.ae,Finance
hsb.no,Finance
amerisbank.com,Finance
mosoblbank.ru,Finance
coutts.com,Finance
caribz.it,Finance
hanmi.com,Finance
vsecu.com,Finance
puentenet.com,Finance
bancapopolare.it,Finance
vanlanschot.com,Finance
multicards.com,Finance
bkcp.be,Finance
republicbank.com,Finance
bankaf.com,Finance
cajadeahorros.com.pa,Finance
dkv.com,Finance
usecu.org,Finance
bvp.com,Finance
chartway.com,Finance
piraeusbank.ro,Finance
hometrustbanking.com,Finance
kredobank.com.ua,Finance
swissquote.com,Finance
capcomfcu.org,Finance
universalbank.com.ua,Finance
qbe.com.au,Finance
ffsa.fr,Finance
fcbank.com.ua,Finance
stock-analysis-on.net,Finance
hiway.org,Finance
tucsonfcu.com,Finance
oyakyatirim.com.tr,Finance
waddell.com,Finance
pefcu.com,Finance
hellenicbank.com,Finance
intelligentinvestor.com.au,Finance
bank.lv,Finance
compassbank.com,Finance
clear2pay.com,Finance
elgacu.com,Finance
corningcu.org,Finance
coasthills.coop,Finance
jhfcu.org,Finance
wellsfargorewards.com,Finance
frc.org.uk,Finance
cheapinsurance.com,Finance
alabamacu.com,Finance
mecu.com,Finance
abank.com.tr,Finance
elephant.com,Finance
moitepari.bg,Finance
westernreserve.com,Finance
arb.ru,Finance
penge.dk,Finance
axa-ukraine.com,Finance
iposcoop.com,Finance
lafcu.org,Finance
loanware.com,Finance
blueskyautofinance.com,Finance
wisdomtree.com,Finance
forinsurer.com,Finance
bnro.ro,Finance
hfcu.org,Finance
empire.ca,Finance
investinginbonds.com,Finance
gedik.com,Finance
vectrabank.com,Finance
extracobanks.com,Finance
ideal.nl,Finance
self-help.org,Finance
cibcwm.com,Finance
elfcu.org,Finance
visabuxx.com,Finance
trade-ideas.com,Finance
cetelem.be,Finance
pacificwesternbank.com,Finance
ficohsa.hn,Finance
fcfcu.com,Finance
firstcommandbank.com,Finance
pennmutual.com,Finance
anadolubank.com.tr,Finance
sovereignbank.com,Finance
bvcu.org,Finance
rams.com.au,Finance
vb-niers.de,Finance
soopercu.org,Finance
washtrust.com,Finance
tropicalfcu.org,Finance
mongolbank.mn,Finance
globexbank.ru,Finance
nuveen.com,Finance
pacificservice.org,Finance
rusbonds.ru,Finance
bnu.com.mo,Finance
bankofthesierra.com,Finance
vb-ruhrmitte.de,Finance
heritageoaksbank.com,Finance
npinvestor.dk,Finance
empirebank.com,Finance
newpeoplesbank.com,Finance
oberbank.at,Finance
summitfcu.org,Finance
answerfinancial.com,Finance
banque-info.com,Finance
beleggersbelangen.nl,Finance
the-heritage-bank.com,Finance
aikbanka.rs,Finance
szcredit.com.cn,Finance
munichre.com,Finance
bank1saar.de,Finance
sbif.cl,Finance
triodos.co.uk,Finance
safefed.org,Finance
pagosonline.com,Finance
bancheitalia.it,Finance
topyields.nl,Finance
imcu.com,Finance
fiatc.es,Finance
aafcu.com,Finance
kemba.com,Finance
myamortizationchart.com,Finance
bank-northwest.com,Finance
vbce.ca,Finance
fibrecu.com,Finance
advantagefcu.org,Finance
amig.com,Finance
mapfre.com.co,Finance
bplazio.it,Finance
mascomabank.com,Finance
communityfirst.com.au,Finance
lakesunbank.com,Finance
transcapital.com,Finance
lakecitybank.com,Finance
kkb.com.tr,Finance
unicreditbanca.it,Finance
firstarkansasbank.com,Finance
clsa.com,Finance
mortgage-x.com,Finance
bullbearings.co.uk,Finance
apcu.com,Finance
bankaholic.com,Finance
lobourse.com,Finance
smart401k.com,Finance
djurslandsbank.dk,Finance
ditech.com,Finance
eblf.com,Finance
guidestone.org,Finance
agri-bank.com,Finance
mrci.com,Finance
bourse.lu,Finance
axa.com.sg,Finance
iefa.org,Finance
nordjyskebank.dk,Finance
pioneercu.org,Finance
pgbank.com,Finance
pictet.com,Finance
allsouth.org,Finance
1stuscu.org,Finance
nationalbanken.dk,Finance
eurocapital.vn,Finance
clackamasfcu.org,Finance
fauquierbank.com,Finance
rbcu.org,Finance
sparkasse-bayreuth.de,Finance
mhvfcu.com,Finance
bvscu.org,Finance
bancapulia.it,Finance
kennebunksavings.com,Finance
sparkasse-emh.de,Finance
altaone.org,Finance
northerncu.com,Finance
nsbvt.com,Finance
cardinalbank.com,Finance
fmbnc.com,Finance
cabot.net,Finance
centralbank.ie,Finance
fairfieldcountybank.com,Finance
manappuram.com,Finance
bankofbaku.com,Finance
industrialcu.org,Finance
valleyfirst.com,Finance
sactocu.org,Finance
oakmark.com,Finance
broadwaybank.com,Finance
thebancorp.com,Finance
centralbank.go.ke,Finance
crcento.it,Finance
connexcu.org,Finance
summerland.com.au,Finance
checkcity.com,Finance
scu.mb.ca,Finance
essabank.com,Finance
psd-berlin-brandenburg.de,Finance
mercantilandina.com.ar,Finance
strattonfinance.com.au,Finance
opusbank.com,Finance
naito-sec.co.jp,Finance
citizensbankco.com,Finance
taxaudit.com,Finance
araratbank.am,Finance
rightline.net,Finance
oecu.org,Finance
fnbotn.com,Finance
acledabank.com.kh,Finance
hzcu.org,Finance
communitynationalbank.com,Finance
gncu.org,Finance
banksnb.com,Finance
privatebanking.com,Finance
cbnm.com,Finance
moensbank.dk,Finance
usfunds.com,Finance
bem.md,Finance
acainternational.org,Finance
meeus.com,Finance
bdfcu.com,Finance
bibank.com,Finance
swacu.org,Finance
citizenslc.com,Finance
jarvisim.co.uk,Finance
firstallied.com,Finance
psd-nord.de,Finance
dvcu.org,Finance
fundingpost.com,Finance
fiditalia.it,Finance
eximbank.com,Finance
mycmcu.org,Finance
pacu.com,Finance
indexindicators.com,Finance
myciti.com,Finance
oceanbank.ru,Finance
natpennbank.com,Finance
arubabank.com,Finance
sharoncu.com,Finance
firstfd.com,Finance
forchtbank.com,Finance
nasb.com,Finance
tikr.ru,Finance
valiant.ch,Finance
generali.ch,Finance
vouchedfor.co.uk,Finance
aton-line.ru,Finance
institutionforsavings.com,Finance
waukeshabank.com,Finance
bankmidwest.com,Finance
artisansbank.com,Finance
infomercados.com,Finance
vero.com.au,Finance
nacion-seguros.com.ar,Finance
pensionsinfo.dk,Finance
spp.se,Finance
k-zone.co.jp,Finance
