brewersassociation.org,Food_and_Drink
brewersfriend.com,Food_and_Drink
browneyedbaker.com,Food_and_Drink
cakecentral.com,Food_and_Drink
catering.com.ar,Food_and_Drink
clubw.com,Food_and_Drink
crosstowndoughnuts.com,Food_and_Drink
epic-catering.com,Food_and_Drink
ezbbq.com.sg,Food_and_Drink
gochikuru.com,Food_and_Drink
ilovevegan.com,Food_and_Drink
jimejinak.cz,Food_and_Drink
keurig.ca,Food_and_Drink
lafer.de,Food_and_Drink
mcdonalds.es,Food_and_Drink
myecatering.com,Food_and_Drink
nasushi.pl,Food_and_Drink
nuts.com,Food_and_Drink
oktayustam.com,Food_and_Drink
oralb.com,Food_and_Drink
partyservice-scherer.de,Food_and_Drink
postmates.com,Food_and_Drink
prostokvashino.ru,Food_and_Drink
rasamalaysia.com,Food_and_Drink
rawfoodshop.se,Food_and_Drink
rawsuperfood.cz,Food_and_Drink
sintagespareas.gr,Food_and_Drink
soupster.com,Food_and_Drink
southernwine.com,Food_and_Drink
telepizza.pt,Food_and_Drink
thestonerscookbook.com,Food_and_Drink
trytheworld.com,Food_and_Drink
urgeschmack.de,Food_and_Drink
vegachef.it,Food_and_Drink
wine.com,Food_and_Drink
wingstop.com,Food_and_Drink
yesmywine.com,Food_and_Drink
menicka.cz,Food_and_Drink
natori.co.jp,Food_and_Drink
ycs-mongoliangrill.com,Food_and_Drink
misoya.com,Food_and_Drink
leliobottero.it,Food_and_Drink
dudleysrestaurant.com,Food_and_Drink
talesai.com,Food_and_Drink
hemkop.se,Food_and_Drink
kishenya.com.ua,Food_and_Drink
billa.ua,Food_and_Drink
atria.fi,Food_and_Drink
hotpepper.jp,Food_and_Drink
whatscookingamerica.net,Food_and_Drink
toprecepty.cz,Food_and_Drink
campbellskitchen.com,Food_and_Drink
hersheys.com,Food_and_Drink
wendys.com,Food_and_Drink
buffalowildwings.com,Food_and_Drink
chilis.com,Food_and_Drink
menupix.com,Food_and_Drink
1001recepti.com,Food_and_Drink
pandaexpress.com,Food_and_Drink
bonefishgrill.com,Food_and_Drink
valio.fi,Food_and_Drink
mcdonalds.co.jp,Food_and_Drink
jackinthebox.com,Food_and_Drink
gfs.com,Food_and_Drink
10bis.co.il,Food_and_Drink
nestle.com,Food_and_Drink
jetspizza.com,Food_and_Drink
stumptowncoffee.com,Food_and_Drink
peets.com,Food_and_Drink
qdoba.com,Food_and_Drink
giantfood.com,Food_and_Drink
gordonramsay.com,Food_and_Drink
localharvest.org,Food_and_Drink
igourmet.com,Food_and_Drink
mars.com,Food_and_Drink
roundtablepizza.com,Food_and_Drink
dorsetcereals.co.uk,Food_and_Drink
brewdog.com,Food_and_Drink
gutekueche.at,Food_and_Drink
johnniewalker.com,Food_and_Drink
meltingpot.com,Food_and_Drink
steaknshake.com,Food_and_Drink
gastro.hr,Food_and_Drink
baskinrobbins.com,Food_and_Drink
benihana.com,Food_and_Drink
sweetgreen.com,Food_and_Drink
homedistiller.org,Food_and_Drink
zingermans.com,Food_and_Drink
labite.com,Food_and_Drink
decanter.com,Food_and_Drink
britishturkey.co.uk,Food_and_Drink
garrettpopcorn.com,Food_and_Drink
craftbeer.com,Food_and_Drink
save-a-lot.com,Food_and_Drink
farmfreshtoyou.com,Food_and_Drink
honeybakedonline.com,Food_and_Drink
merkurmarkt.at,Food_and_Drink
thecapitalgrille.com,Food_and_Drink
chooseveg.com,Food_and_Drink
vinatis.com,Food_and_Drink
pizzahut.co.kr,Food_and_Drink
starbucks.com.sg,Food_and_Drink
mrsfields.com,Food_and_Drink
gastromand.dk,Food_and_Drink
dickeys.com,Food_and_Drink
mcdonalds.com.sg,Food_and_Drink
winelibrary.com,Food_and_Drink
wingsover.com,Food_and_Drink
yoshinoya.com,Food_and_Drink
hiddenvalley.com,Food_and_Drink
samueladams.com,Food_and_Drink
makersmark.com,Food_and_Drink
mortons.com,Food_and_Drink
mcdonalds.com.br,Food_and_Drink
quiznos.com,Food_and_Drink
wolfgangpuck.com,Food_and_Drink
harney.com,Food_and_Drink
jamesbeard.org,Food_and_Drink
llanowine.com,Food_and_Drink
emerils.com,Food_and_Drink
unfi.com,Food_and_Drink
frankieandbennys.com,Food_and_Drink
ichibanya.co.jp,Food_and_Drink
secondcup.com,Food_and_Drink
puffpastry.com,Food_and_Drink
cheesemaking.com,Food_and_Drink
deliverance.co.uk,Food_and_Drink
reynoldskitchens.com,Food_and_Drink
budweiser.com,Food_and_Drink
lagunitas.com,Food_and_Drink
kura-corpo.co.jp,Food_and_Drink
christmas-cookies.com,Food_and_Drink
malts.com,Food_and_Drink
akindo-sushiro.co.jp,Food_and_Drink
dominos.co.il,Food_and_Drink
pepsi.pl,Food_and_Drink
matchingfoodandwine.com,Food_and_Drink
cicispizza.com,Food_and_Drink
maggi.de,Food_and_Drink
dining-out.co.za,Food_and_Drink
nativefoods.com,Food_and_Drink
cuketka.cz,Food_and_Drink
celestialseasonings.com,Food_and_Drink
annabelkarmel.com,Food_and_Drink
crownroyal.com,Food_and_Drink
foodgeeks.com,Food_and_Drink
importfood.com,Food_and_Drink
dietcoke.com,Food_and_Drink
counterculturecoffee.com,Food_and_Drink
stouffers.com,Food_and_Drink
brooklynbrewery.com,Food_and_Drink
pepperidgefarm.com,Food_and_Drink
beersofeurope.co.uk,Food_and_Drink
worldpantry.com,Food_and_Drink
hawesko.de,Food_and_Drink
houlihans.com,Food_and_Drink
heatherchristo.com,Food_and_Drink
dominosugar.com,Food_and_Drink
thefruitcompany.com,Food_and_Drink
lowesfoods.com,Food_and_Drink
whiskyshop.com,Food_and_Drink
ab-inbev.com,Food_and_Drink
checkers.com,Food_and_Drink
hasbean.co.uk,Food_and_Drink
foodbycountry.com,Food_and_Drink
barlouieamerica.com,Food_and_Drink
getcosi.com,Food_and_Drink
pizzaluce.com,Food_and_Drink
vegsoc.org,Food_and_Drink
itoen.co.jp,Food_and_Drink
peppes.no,Food_and_Drink
subway-sandwiches.de,Food_and_Drink
coffeemakers.de,Food_and_Drink
kraftbrands.com,Food_and_Drink
wildeisen.ch,Food_and_Drink
organicvalley.coop,Food_and_Drink
cajungrocer.com,Food_and_Drink
vkusno-gotovim.com,Food_and_Drink
coffee-mate.com,Food_and_Drink
belvini.de,Food_and_Drink
sushifaq.com,Food_and_Drink
starbucks.cn,Food_and_Drink
dibruno.com,Food_and_Drink
bellaitalia.co.uk,Food_and_Drink
drinksdirect.co.uk,Food_and_Drink
belvederevodka.com,Food_and_Drink
winecompanion.com.au,Food_and_Drink
recepti.hr,Food_and_Drink
coffeeam.com,Food_and_Drink
foodlovers.co.nz,Food_and_Drink
kfc.com.sg,Food_and_Drink
wineweb.com,Food_and_Drink
drpepper.com,Food_and_Drink
glenmorangie.com,Food_and_Drink
goodcocktails.com,Food_and_Drink
thecounterburger.com,Food_and_Drink
nicks.com.au,Food_and_Drink
belvoirfruitfarms.co.uk,Food_and_Drink
mastrosrestaurants.com,Food_and_Drink
foodland.gr,Food_and_Drink
cottageinn.com,Food_and_Drink
bevnetwork.com,Food_and_Drink
kadoya.com,Food_and_Drink
tomdouglas.com,Food_and_Drink
bravoitalian.com,Food_and_Drink
juniorscheesecake.com,Food_and_Drink
captainds.com,Food_and_Drink
godfisk.no,Food_and_Drink
thaikitchen.com,Food_and_Drink
portosbakery.com,Food_and_Drink
kfc.de,Food_and_Drink
vildmedvin.dk,Food_and_Drink
eat2eat.com,Food_and_Drink
goodcooking.com,Food_and_Drink
ricettedalmondo.it,Food_and_Drink
recepty.sk,Food_and_Drink
birramia.it,Food_and_Drink
cavusvinifera.com,Food_and_Drink
dancingdeer.com,Food_and_Drink
canadian-pizza.com,Food_and_Drink
kotipizza.fi,Food_and_Drink
charal.fr,Food_and_Drink
nandosperiperi.com,Food_and_Drink
claimjumper.com,Food_and_Drink
fragolosi.it,Food_and_Drink
liquorama.net,Food_and_Drink
oreida.com,Food_and_Drink
lindsayolives.com,Food_and_Drink
tipthepizzaguy.com,Food_and_Drink
barcelonawinebar.com,Food_and_Drink
recipes.com,Food_and_Drink
eddiev.com,Food_and_Drink
rochebros.com,Food_and_Drink
apache.ie,Food_and_Drink
cbrands.com,Food_and_Drink
pizzahut.com.my,Food_and_Drink
amstel.nl,Food_and_Drink
oddbins.com,Food_and_Drink
tijuanaflats.com,Food_and_Drink
tacocabana.com,Food_and_Drink
lkk.com,Food_and_Drink
cinnabon.com,Food_and_Drink
mr-malt.it,Food_and_Drink
zchocolat.com,Food_and_Drink
guayaki.com,Food_and_Drink
bluebell.com,Food_and_Drink
ricette-bimby.net,Food_and_Drink
erbertandgerberts.com,Food_and_Drink
maxschicken.com,Food_and_Drink
artofdrink.com,Food_and_Drink
togos.com,Food_and_Drink
cafebritt.com,Food_and_Drink
beermerchants.com,Food_and_Drink
ming.com,Food_and_Drink
weinco.at,Food_and_Drink
cocktailbuilder.com,Food_and_Drink
fijiwater.com,Food_and_Drink
vin-malin.fr,Food_and_Drink
idbuffet.com,Food_and_Drink
ilfornaio.com,Food_and_Drink
wine.co.za,Food_and_Drink
greatlakesbrewing.com,Food_and_Drink
foodandwine.hu,Food_and_Drink
sintagesmamas.com,Food_and_Drink
morningstarfarms.com,Food_and_Drink
snakeriverfarms.com,Food_and_Drink
pappas.com,Food_and_Drink
idahopotato.com,Food_and_Drink
cuisine-et-mets.com,Food_and_Drink
rainforestcafe.com,Food_and_Drink
veganoutreach.org,Food_and_Drink
beerbottle.ru,Food_and_Drink
ricette-calorie.com,Food_and_Drink
dunnbros.com,Food_and_Drink
fmi.org,Food_and_Drink
myfilipinorecipes.com,Food_and_Drink
suklaayhdistys.com,Food_and_Drink
argotea.com,Food_and_Drink
titosvodka.com,Food_and_Drink
hopunion.com,Food_and_Drink
ironhillbrewery.com,Food_and_Drink
ilmangione.it,Food_and_Drink
ammisbiryani.com,Food_and_Drink
cowgirlcreamery.com,Food_and_Drink
simonlevelt.nl,Food_and_Drink
taylor.pt,Food_and_Drink
bluemartinilounge.com,Food_and_Drink
braums.com,Food_and_Drink
cafedumonde.com,Food_and_Drink
schuhbeck.de,Food_and_Drink
thesmokerking.com,Food_and_Drink
hellyeahitsvegan.com,Food_and_Drink
greatharvest.com,Food_and_Drink
ico.org,Food_and_Drink
jonessoda.com,Food_and_Drink
dreamdinners.com,Food_and_Drink
jensens.com,Food_and_Drink
winedirect.co.uk,Food_and_Drink
kickinghorsecoffee.com,Food_and_Drink
pizzamyheart.com,Food_and_Drink
chocri.de,Food_and_Drink
theochocolate.com,Food_and_Drink
pizzamarketplace.com,Food_and_Drink
dakinfarm.com,Food_and_Drink
pitcherandpiano.com,Food_and_Drink
wiltshirefarmfoods.com,Food_and_Drink
spirituosenworld.de,Food_and_Drink
dairycrest.co.uk,Food_and_Drink
cocktail-book.ru,Food_and_Drink
ducros.fr,Food_and_Drink
coolest-birthday-cakes.com,Food_and_Drink
epicurean.com,Food_and_Drink
coffeesalon.com,Food_and_Drink
frw.co.uk,Food_and_Drink
greenmill.com,Food_and_Drink
dangelos.com,Food_and_Drink
internetwines.com,Food_and_Drink
elephantbar.com,Food_and_Drink
mtrfoods.com,Food_and_Drink
bartowel.com,Food_and_Drink
amicis.com,Food_and_Drink
ultimatewineshop.com,Food_and_Drink
mammamia.ro,Food_and_Drink
vinsalsace.com,Food_and_Drink
pigofthemonth.com,Food_and_Drink
karlstrauss.com,Food_and_Drink
boitearecettes.com,Food_and_Drink
wildyeastblog.com,Food_and_Drink
qualityfoods.com,Food_and_Drink
eltorito.com,Food_and_Drink
farmboy.ca,Food_and_Drink
commanderspalace.com,Food_and_Drink
gomongo.com,Food_and_Drink
deweyspizza.com,Food_and_Drink
indofood.com,Food_and_Drink
bgood.com,Food_and_Drink
saladworks.com,Food_and_Drink
wineinstitute.org,Food_and_Drink
stockfood.com,Food_and_Drink
presto-pizza.ro,Food_and_Drink
cambro.com,Food_and_Drink
hjhansen-vin.dk,Food_and_Drink
ryans.com,Food_and_Drink
penfolds.com,Food_and_Drink
mondobirra.org,Food_and_Drink
sausagemaking.org,Food_and_Drink
leisure-cat.com,Food_and_Drink
robuchon.jp,Food_and_Drink
areabirra.it,Food_and_Drink
tatesbakeshop.com,Food_and_Drink
france44.com,Food_and_Drink
easy-french-food.com,Food_and_Drink
mycookbook.co.il,Food_and_Drink
ledindon.qc.ca,Food_and_Drink
gefro.de,Food_and_Drink
maredo.de,Food_and_Drink
order-cheese.com,Food_and_Drink
chilliworld.com,Food_and_Drink
o-cha.com,Food_and_Drink
enviedechamp.com,Food_and_Drink
mado.com.tr,Food_and_Drink
pizzahut.ro,Food_and_Drink
wildflowerbread.com,Food_and_Drink
argonautliquor.com,Food_and_Drink
241pizza.com,Food_and_Drink
themeatguy.jp,Food_and_Drink
sizzler.com.au,Food_and_Drink
marumiya.co.jp,Food_and_Drink
tortugarumcakes.com,Food_and_Drink
johnspizza.com,Food_and_Drink
winezap.com,Food_and_Drink
grandwinecellar.com,Food_and_Drink
resto.kharkov.ua,Food_and_Drink
newglarusbrewing.com,Food_and_Drink
courtepaille.com,Food_and_Drink
paulig.fi,Food_and_Drink
whwc.com,Food_and_Drink
walnuts.org,Food_and_Drink
silveroak.com,Food_and_Drink
melindalee.com,Food_and_Drink
skagenfood.dk,Food_and_Drink
saintarnold.com,Food_and_Drink
korbel.com,Food_and_Drink
steamwhistle.ca,Food_and_Drink
matsuri.fr,Food_and_Drink
wholey.com,Food_and_Drink
kokteyll.com,Food_and_Drink
alexiafoods.com,Food_and_Drink
mariebelle.com,Food_and_Drink
sambarmen.ru,Food_and_Drink
aramark.de,Food_and_Drink
bobbyflay.com,Food_and_Drink
marlowesf.com,Food_and_Drink
pizzainn.com,Food_and_Drink
caffevita.com,Food_and_Drink
sausalitos.de,Food_and_Drink
elephantcastle.com,Food_and_Drink
drinkcraftbeer.com,Food_and_Drink
farrvintners.com,Food_and_Drink
oreganos.com,Food_and_Drink
millesimes.com,Food_and_Drink
create-restaurants.co.jp,Food_and_Drink
pequodspizza.com,Food_and_Drink
elle-et-vire.com,Food_and_Drink
saltys.com,Food_and_Drink
tilda.com,Food_and_Drink
winex.com,Food_and_Drink
cage.ca,Food_and_Drink
onionring.co.uk,Food_and_Drink
patrickroger.com,Food_and_Drink
crema.fi,Food_and_Drink
worldsfinestchocolate.com,Food_and_Drink
pizza.od.ua,Food_and_Drink
beer100.com,Food_and_Drink
glengoyne.com,Food_and_Drink
takarashuzo.co.jp,Food_and_Drink
newmansown.com,Food_and_Drink
everydaydrinkers.com,Food_and_Drink
foxspizza.com,Food_and_Drink
winerack.com,Food_and_Drink
belgourmet.be,Food_and_Drink
diningcity.com,Food_and_Drink
leffe.com,Food_and_Drink
gastronaut.hr,Food_and_Drink
thedeliciouslife.com,Food_and_Drink
salvatores.com,Food_and_Drink
siba.co.uk,Food_and_Drink
open-bar.pl,Food_and_Drink
scottysbrewhouse.com,Food_and_Drink
bichel.dk,Food_and_Drink
gategourmet.com,Food_and_Drink
thegutsygourmet.net,Food_and_Drink
chambar.com,Food_and_Drink
menuclub.com,Food_and_Drink
chimay.com,Food_and_Drink
tcby.com,Food_and_Drink
temeculawines.org,Food_and_Drink
milios.com,Food_and_Drink
izletes.hu,Food_and_Drink
famillemary.fr,Food_and_Drink
windsorvineyards.com,Food_and_Drink
dirtymartini.uk.com,Food_and_Drink
cocktailscout.de,Food_and_Drink
highlandpark.co.uk,Food_and_Drink
vegetariers.nl,Food_and_Drink
silverdiner.com,Food_and_Drink
podfood.co.uk,Food_and_Drink
bountyhunterwine.com,Food_and_Drink
gutekueche.de,Food_and_Drink
whiskyshopusa.com,Food_and_Drink
reteteleluiradu.ro,Food_and_Drink
ebbitt.com,Food_and_Drink
leinie.com,Food_and_Drink
coffeeday.com,Food_and_Drink
hoboken-bar.net,Food_and_Drink
fatfreekitchen.com,Food_and_Drink
gefelicitaart.nl,Food_and_Drink
mymansbelly.com,Food_and_Drink
benedettis.com,Food_and_Drink
worldspice.com,Food_and_Drink
bonduelle.ua,Food_and_Drink
marukawamiso.com,Food_and_Drink
whisky-distilleries.info,Food_and_Drink
rira.com,Food_and_Drink
beertutor.com,Food_and_Drink
meatballs.com,Food_and_Drink
gordons-gin.co.uk,Food_and_Drink
blimpie.com,Food_and_Drink
konditorandcook.com,Food_and_Drink
lavinium.com,Food_and_Drink
laubfresser.de,Food_and_Drink
hibiki-an.com,Food_and_Drink
gamledanskeopskrifter.dk,Food_and_Drink
whisky.nl,Food_and_Drink
gusto.at,Food_and_Drink
leshalles.net,Food_and_Drink
amanochocolate.com,Food_and_Drink
mikes.ca,Food_and_Drink
prestat.co.uk,Food_and_Drink
abita.com,Food_and_Drink
californiachickencafe.com,Food_and_Drink
lifeway.net,Food_and_Drink
mos.co.jp,Food_and_Drink
kungsornen.se,Food_and_Drink
drinkfinder.co.uk,Food_and_Drink
nealsyarddairy.co.uk,Food_and_Drink
hibiscusrestaurant.co.uk,Food_and_Drink
heinz.jp,Food_and_Drink
carlsberg.com,Food_and_Drink
schramsberg.com,Food_and_Drink
dececco.it,Food_and_Drink
aberlour.com,Food_and_Drink
thefishsociety.co.uk,Food_and_Drink
thesweetbasket.com,Food_and_Drink
coffeebean.com.sg,Food_and_Drink
scotchmaltwhisky.co.uk,Food_and_Drink
chefshop.com,Food_and_Drink
chicagos-pizza.com,Food_and_Drink
thecornishfishmonger.co.uk,Food_and_Drink
miramontewinery.com,Food_and_Drink
seward.coop,Food_and_Drink
margs.com,Food_and_Drink
pizza.co.th,Food_and_Drink
nbsmokehouse.com,Food_and_Drink
yemekgunlugum.blogs.com,Food_and_Drink
intercaves.fr,Food_and_Drink
morrellwine.com,Food_and_Drink
coffeecrew.com,Food_and_Drink
monicals.com,Food_and_Drink
totallychocolate.com,Food_and_Drink
campbellsmeat.com,Food_and_Drink
recchiuti.com,Food_and_Drink
bonoise-recettes.com,Food_and_Drink
joffreys.com,Food_and_Drink
ricettecondivise.it,Food_and_Drink
foodbyphone.com,Food_and_Drink
cafe-express.com,Food_and_Drink
yoshikei-dvlp.co.jp,Food_and_Drink
vinsvaldeloire.fr,Food_and_Drink
ortega.com,Food_and_Drink
thepie.com,Food_and_Drink
fromages.com,Food_and_Drink
thepinkdoor.net,Food_and_Drink
jordanwinery.com,Food_and_Drink
hagoromofoods.co.jp,Food_and_Drink
buffalotrace.com,Food_and_Drink
gotvarstvo.net,Food_and_Drink
isaacsdeli.com,Food_and_Drink
martinellis.com,Food_and_Drink
recettespourtous.com,Food_and_Drink
bakingobsession.com,Food_and_Drink
coffeeandvanilla.com,Food_and_Drink
charmcitycakes.com,Food_and_Drink
gwkent.com,Food_and_Drink
rococochocolates.com,Food_and_Drink
landmarc-restaurant.com,Food_and_Drink
vinkatten.se,Food_and_Drink
nubo.ru,Food_and_Drink
duckhorn.com,Food_and_Drink
gastronomie.lu,Food_and_Drink
cgv.com,Food_and_Drink
aureliospizza.com,Food_and_Drink
mikurestaurant.com,Food_and_Drink
stoneyriver.com,Food_and_Drink
sacfoodcoop.com,Food_and_Drink
ganong.com,Food_and_Drink
cooksofcrocushill.com,Food_and_Drink
muellerspasta.com,Food_and_Drink
superiornutstore.com,Food_and_Drink
resto-tunisie.com,Food_and_Drink
anthonyspizzaandpasta.com,Food_and_Drink
avosmarmites.com,Food_and_Drink
russiantable.com,Food_and_Drink
bowmore.com,Food_and_Drink
justinwine.com,Food_and_Drink
zfv.ch,Food_and_Drink
lasrecetasdelchef.net,Food_and_Drink
sake-world.com,Food_and_Drink
motorestaurant.com,Food_and_Drink
usinger.com,Food_and_Drink
kowalskis.com,Food_and_Drink
pjspub.com,Food_and_Drink
wingyip.com,Food_and_Drink
vinguiden.com,Food_and_Drink
woodberrykitchen.com,Food_and_Drink
mydiversekitchen.com,Food_and_Drink
grahamsfamilydairy.com,Food_and_Drink
aznypdpizza.com,Food_and_Drink
pricechopper.ca,Food_and_Drink
no9park.com,Food_and_Drink
thefreshgrocer.com,Food_and_Drink
oleanarestaurant.com,Food_and_Drink
hiramatsu.co.jp,Food_and_Drink
bierebel.com,Food_and_Drink
bluesushisakegrill.com,Food_and_Drink
shipyard.com,Food_and_Drink
moevenpick-wein.de,Food_and_Drink
buscarecetas.com.ar,Food_and_Drink
theveggietable.com,Food_and_Drink
pastacheese.com,Food_and_Drink
blackbirdrestaurant.com,Food_and_Drink
tofutti.com,Food_and_Drink
zalogaj.com,Food_and_Drink
skjold-burne.dk,Food_and_Drink
laywheeler.com,Food_and_Drink
scotchwhisky.net,Food_and_Drink
pastrywiz.com,Food_and_Drink
daphnesgreekcafe.com,Food_and_Drink
vegetus.org,Food_and_Drink
payard.com,Food_and_Drink
realrawfood.com,Food_and_Drink
chefswarehouse.com,Food_and_Drink
wineshop.it,Food_and_Drink
faygo.com,Food_and_Drink
danishcrown.dk,Food_and_Drink
oyamel.com,Food_and_Drink
thefragrantleaf.com,Food_and_Drink
pitchaya.net,Food_and_Drink
gioninos.com,Food_and_Drink
pastadefteri.com,Food_and_Drink
caffeprego.pl,Food_and_Drink
boulevardrestaurant.com,Food_and_Drink
harringtonham.com,Food_and_Drink
mildreds.co.uk,Food_and_Drink
brewery.org,Food_and_Drink
stonewoodgrill.com,Food_and_Drink
yazoobrew.com,Food_and_Drink
schellsbrewery.com,Food_and_Drink
tosseduk.com,Food_and_Drink
thinkproducts.com,Food_and_Drink
gregoirerestaurant.com,Food_and_Drink
mondovino.com,Food_and_Drink
desicookbook.com,Food_and_Drink
healthychefcreations.com,Food_and_Drink
harveysgroves.com,Food_and_Drink
diningchicago.com,Food_and_Drink
goathill.com,Food_and_Drink
harrycarays.com,Food_and_Drink
wensleydale.co.uk,Food_and_Drink
spiseguiden.dk,Food_and_Drink
greatwesternwine.co.uk,Food_and_Drink
pyramidbrew.com,Food_and_Drink
amarine.fr,Food_and_Drink
magnoliapub.com,Food_and_Drink
bathales.com,Food_and_Drink
eurocave.com,Food_and_Drink
stemilt.com,Food_and_Drink
tastykake.com,Food_and_Drink
cojean.fr,Food_and_Drink
thewineconnection.com,Food_and_Drink
leaandsandeman.co.uk,Food_and_Drink
tacodelmar.com,Food_and_Drink
britishbeer.com,Food_and_Drink
dilmahtea.com,Food_and_Drink
freshexpress.com,Food_and_Drink
chocolatebox.com.au,Food_and_Drink
lespalier.com,Food_and_Drink
andiamoitalia.com,Food_and_Drink
robertrothschild.com,Food_and_Drink
vegfamily.com,Food_and_Drink
candia.fr,Food_and_Drink
piatti.com,Food_and_Drink
chowfoods.com,Food_and_Drink
cafecafe.co.il,Food_and_Drink
recettes-tajines.fr,Food_and_Drink
90pluswines.com,Food_and_Drink
restauranteur.com,Food_and_Drink
peck.it,Food_and_Drink
potrawyregionalne.pl,Food_and_Drink
snowgoose.com.au,Food_and_Drink
amysicecreams.com,Food_and_Drink
coffeegiant.com,Food_and_Drink
woodmans.com,Food_and_Drink
redhotandblue.com,Food_and_Drink
roysrecepten.nl,Food_and_Drink
doubledouble.ca,Food_and_Drink
bertrandatmisteras.com,Food_and_Drink
lafondue.com,Food_and_Drink
wabagrill.com,Food_and_Drink
dilettante.com,Food_and_Drink
40ozmaltliquor.com,Food_and_Drink
baxters.com,Food_and_Drink
breadwinnerscafe.com,Food_and_Drink
honeysucklewhite.com,Food_and_Drink
laosichuan.com,Food_and_Drink
clabbergirl.com,Food_and_Drink
smokinjoespizza.com,Food_and_Drink
koelner-weinkeller.de,Food_and_Drink
pizzeriabianco.com,Food_and_Drink
soupersalad.com,Food_and_Drink
mozartscoffee.com,Food_and_Drink
grill23.com,Food_and_Drink
jlohr.com,Food_and_Drink
valor.es,Food_and_Drink
great-chicago-italian-recipes.com,Food_and_Drink
lupetortilla.com,Food_and_Drink
frappuccino.com,Food_and_Drink
bibendum-wine.co.uk,Food_and_Drink
casabonitadenver.com,Food_and_Drink
terlatowines.com,Food_and_Drink
coffeeculture.co.nz,Food_and_Drink
gauchogourmet.com,Food_and_Drink
alain-passard.com,Food_and_Drink
georgesrestaurant.com,Food_and_Drink
southcitykitchen.com,Food_and_Drink
degidios.com,Food_and_Drink
morettischicago.com,Food_and_Drink
sobe.com,Food_and_Drink
fabbri1905.com,Food_and_Drink
brigantine.com,Food_and_Drink
bokachicago.com,Food_and_Drink
qualifirst.com,Food_and_Drink
breadsmith.com,Food_and_Drink
thefrugalchef.com,Food_and_Drink
perchs.dk,Food_and_Drink
la-boucherie.fr,Food_and_Drink
houseoftea.se,Food_and_Drink
fruitsdelamer.com,Food_and_Drink
truffefrance.com,Food_and_Drink
sunbutter.com,Food_and_Drink
treetop.com,Food_and_Drink
friedas.com,Food_and_Drink
knorr.ch,Food_and_Drink
harveys.org.uk,Food_and_Drink
nyespolonaise.com,Food_and_Drink
paocoffee.co.jp,Food_and_Drink
kopps.com,Food_and_Drink
outbackjacks.com.au,Food_and_Drink
andinarestaurant.com,Food_and_Drink
sabrain.com,Food_and_Drink
tiendadefruta.es,Food_and_Drink
homemade-cake.com,Food_and_Drink
exoticmeatsandmore.com,Food_and_Drink
markys.com,Food_and_Drink
inpursuitoftea.com,Food_and_Drink
bassins.com,Food_and_Drink
linerandelsen.com,Food_and_Drink
mahlkoenig.com,Food_and_Drink
thebeerguy.ca,Food_and_Drink
lezzetci.com,Food_and_Drink
vansfoods.com,Food_and_Drink
broadwaypizza.com,Food_and_Drink
thebrewworks.com,Food_and_Drink
eatchronictacos.com,Food_and_Drink
marxfood.com,Food_and_Drink
palisaderestaurant.com,Food_and_Drink
mobacoffee.de,Food_and_Drink
10barrel.com,Food_and_Drink
oysterbarny.com,Food_and_Drink
trophycupcakes.com,Food_and_Drink
magnolias-blossom-cypress.com,Food_and_Drink
jgumbos.com,Food_and_Drink
risteriet.dk,Food_and_Drink
beerhistory.com,Food_and_Drink
fullsailbrewing.com,Food_and_Drink
nicks-seafood.com.au,Food_and_Drink
konjacfoods.com,Food_and_Drink
burgerking.no,Food_and_Drink
nielsenmassey.com,Food_and_Drink
pizzashuttle.com,Food_and_Drink
alesmith.com,Food_and_Drink
les3brasseurs.com,Food_and_Drink
savourychef.com,Food_and_Drink
barsmart.com,Food_and_Drink
chefpatate.fr,Food_and_Drink
frenchysonline.com,Food_and_Drink
acocinar.com,Food_and_Drink
thepeanutshop.com,Food_and_Drink
schwansfoodservice.com,Food_and_Drink
bluegrasshospitality.com,Food_and_Drink
themetropolitangrill.com,Food_and_Drink
juicyjuice.com,Food_and_Drink
greensbeverages.com,Food_and_Drink
macayo.com,Food_and_Drink
yamatomfg.com,Food_and_Drink
rhubarb.net,Food_and_Drink
caffebaci.com,Food_and_Drink
allstarwingsandribs.com,Food_and_Drink
glutenfrei-kochen.de,Food_and_Drink
morbiber.com,Food_and_Drink
gloryfoods.com,Food_and_Drink
goslingsrum.com,Food_and_Drink
mistralbistro.com,Food_and_Drink
thehse.com,Food_and_Drink
marthawhite.com,Food_and_Drink
peetripizza.ee,Food_and_Drink
strjapuha.com,Food_and_Drink
foodmayhem.com,Food_and_Drink
simplyorangejuice.com,Food_and_Drink
mccradysrestaurant.com,Food_and_Drink
frauncestavern.com,Food_and_Drink
grapeswine.com,Food_and_Drink
hookedonharrys.com,Food_and_Drink
appletonestate.com,Food_and_Drink
peacecoffee.com,Food_and_Drink
wineshop.gr,Food_and_Drink
internationalbeveragenetwork.com,Food_and_Drink
bleedingheart.co.uk,Food_and_Drink
trurestaurant.com,Food_and_Drink
sitkaandspruce.com,Food_and_Drink
lepigeon.com,Food_and_Drink
ife.co.uk,Food_and_Drink
euphemiahaye.com,Food_and_Drink
phillipsfoods.com,Food_and_Drink
basilthai.com,Food_and_Drink
pierogies.com,Food_and_Drink
cook-le.com,Food_and_Drink
bluewatercafe.net,Food_and_Drink
masala.com.pl,Food_and_Drink
hanoverfoods.com,Food_and_Drink
moskovskaya.de,Food_and_Drink
weinhalle.de,Food_and_Drink
realbeer.co.nz,Food_and_Drink
jaimelechocolat.fr,Food_and_Drink
formaggio.it,Food_and_Drink
wolfberger.com,Food_and_Drink
benjys.com,Food_and_Drink
obrist.ch,Food_and_Drink
bocaburger.com,Food_and_Drink
blindtigeralehouse.com,Food_and_Drink
chindeep.com,Food_and_Drink
mcdonalds.com.co,Food_and_Drink
veganka.cz,Food_and_Drink
huntbrotherspizza.com,Food_and_Drink
the-bet.org,Food_and_Drink
festzeltbetrieb-vorholzer.de,Food_and_Drink
mcdonalds.ch,Food_and_Drink
nissui.co.jp,Food_and_Drink
oldlahainaluau.com,Food_and_Drink
