21novacasino.com,Gambling
bertil.com,Gambling
beterbingo.com,Gambling
betmarathon.com,Gambling
betrally.com,Gambling
bingo-boom.ru,Gambling
bingoformoney.ag,Gambling
bingogiving.com,Gambling
bingoiceland.com,Gambling
bkfonbet.com,Gambling
brasilbingo.com,Gambling
bravopokerlive.com,Gambling
butterflybingo.com,Gambling
casinoeuro.com,Gambling
casinofantasia.com,Gambling
coliseumbet.com,Gambling
dbgpoker.org,Gambling
dewapoker.net,Gambling
doubleucasino.com,Gambling
eurocasino.com,Gambling
flashscore.com,Gambling
foxyzero.com,Gambling
freestylepoker.com,Gambling
harrahscasino.com,Gambling
harrysbingo.co.uk,Gambling
illinoislottery.com,Gambling
jackpotliner.co.uk,Gambling
jogobingo.com,Gambling
mamamiabingo.com,Gambling
nc-educationlottery.org,Gambling
newlookbingo.com,Gambling
notitimba.com,Gambling
pokerdom.com,Gambling
pokerground.com,Gambling
pokerlistings.com,Gambling
pokerschoolonline.com,Gambling
pokertube.com,Gambling
poshbingo.co.uk,Gambling
print-bingo.com,Gambling
resultat-pmu.fr,Gambling
royalvegascasino.com,Gambling
skycasino.com,Gambling
spicebingo.co.uk,Gambling
sportsbookreview.com,Gambling
tippmixpro.hu,Gambling
vivarobet.am,Gambling
nordicbet.com,Gambling
racingpost.com,Gambling
atg.se,Gambling
lotterywest.wa.gov.au,Gambling
bet365affiliates.com,Gambling
pokernet.dk,Gambling
pokerscout.com,Gambling
affutd.com,Gambling
thepokerbank.com,Gambling
mainelottery.com,Gambling
lottoced.com,Gambling
pokerology.com,Gambling
nelottery.com,Gambling
nmlottery.com,Gambling
pokertexas.pl,Gambling
gpwa.org,Gambling
pokeritieto.com,Gambling
sportbet.com,Gambling
elsortario.com,Gambling
palacasino.com,Gambling
russiancasino.com,Gambling
lotto-berlin.de,Gambling
pchlotto.com,Gambling
sitandgoplanet.com,Gambling
betinf.com,Gambling
wvlottery.com,Gambling
holdem.ro,Gambling
keno-statistiques.com,Gambling
soaringeaglecasino.com,Gambling
snocasino.com,Gambling
poker.com,Gambling
choctawcasinos.com,Gambling
spilxperten.com,Gambling
tabonline.com.au,Gambling
learn-texas-holdem.com,Gambling
celebpoker.com,Gambling
grandcasinomn.com,Gambling
nederpoker.com,Gambling
bingo.com,Gambling
silvertoncasino.com,Gambling
pokerihuone.com,Gambling
pokermoscow.ru,Gambling
bingomania.com,Gambling
gamingtoday.com,Gambling
livepoker.fr,Gambling
lotozabava.com,Gambling
acemag.dk,Gambling
euromillions.com,Gambling
commercecasino.com,Gambling
vinciteallotto.it,Gambling
partypoker.net,Gambling
sportsbettingstats.com,Gambling
lottologia.com,Gambling
superenalotto3000.it,Gambling
valleyviewcasino.com,Gambling
pokerchips.com,Gambling
icasina.com,Gambling
chumashcasino.com,Gambling
bigmcasino.com,Gambling
onlinepokerhu.com,Gambling
onlinegambling.com,Gambling
camelotgroup.co.uk,Gambling
closestcasino.com,Gambling
saartoto.de,Gambling
yachting-casino.com,Gambling
azonlinecasinos.com,Gambling
sportwettenvergleich.net,Gambling
slotsmamma.com,Gambling
poker-production.com,Gambling
splitsuit.com,Gambling
fremontcasino.com,Gambling
pokermac.com.ar,Gambling
mohawkcasino.com,Gambling
camelott.it,Gambling
poquer.com.es,Gambling
thebike.com,Gambling
balaganoff.com,Gambling
streakgaming.com,Gambling
pokershop.ro,Gambling
blackjackclassroom.com,Gambling
sportsbetting.com,Gambling
pokersovet.com,Gambling
readybetgo.com,Gambling
tightpoker.com,Gambling
partybingo.com,Gambling
windowslotto.com,Gambling
binions.com,Gambling
italiapoker.it,Gambling
crapspit.org,Gambling
fortunepalace.co.uk,Gambling
blackjackbee.com,Gambling
pokeruitleg.nl,Gambling
blackjackgala.com,Gambling
ipoker.com,Gambling
pokerforums.org,Gambling
internetcasinot.com,Gambling
katushka.in.ua,Gambling
usofftrack.com,Gambling
recentpoker.com,Gambling
casinochoice.co.uk,Gambling
pokeronliner.ru,Gambling
luckyeagle.com,Gambling
casinomanual.co.uk,Gambling
castlecasino.com,Gambling
greyhoundchannel.com,Gambling
casinonovascotia.com,Gambling
pokersyte.com,Gambling
playhpc.com,Gambling
betus.com,Gambling
grem.net,Gambling
africanbettingclan.com,Gambling
lottoresults.co.nz,Gambling
pbpgaming.com,Gambling
lotteryamerica.com,Gambling
casinoregina.com,Gambling
lancasterbingo.com,Gambling
pokercharts.com,Gambling
onlinebingo.co.uk,Gambling
rp2.ru,Gambling
onlinepoker.ro,Gambling
onlineblackjackformoney.org,Gambling
lotteryfeed.com,Gambling
gosloto.ru,Gambling
greatblueheroncasino.com,Gambling
casinocopenhagen.dk,Gambling
pokerholdem.fr,Gambling
casino-rating.org,Gambling
winningponies.com,Gambling
nswlotteries.com.au,Gambling
chchcasino.co.nz,Gambling
pokershop.fr,Gambling
harringtonraceway.com,Gambling
paradicecasino.com,Gambling
augustinecasino.com,Gambling
slots.com,Gambling
ilts.com,Gambling
thepropoker.com,Gambling
hollywoodcasinoaurora.com,Gambling
hazardnihrac.com,Gambling
grandhotelcasino.com,Gambling
interpoker.com,Gambling
casinoedge.com,Gambling
racingchannel.com,Gambling
smartlivecasino.com,Gambling
lottomania.ch,Gambling
casinogamblingweb.com,Gambling
livecasinopartners.com,Gambling
bonuskoodi.com,Gambling
whichbingo.com,Gambling
eaglemtncasino.com,Gambling
bingohideout.co.uk,Gambling
artelotto.it,Gambling
drgambler.com,Gambling
schemeloto.ro,Gambling
eldoradocasino.com,Gambling
poker.fr,Gambling
casinogamespro.com,Gambling
viveredipoker.com,Gambling
thegilpincasino.com,Gambling
casinoportalen.se,Gambling
pokerszabalyok.com,Gambling
pokerbutiken.se,Gambling
planetapokera.com,Gambling
casinoonline.co.uk,Gambling
carltonbingo.com,Gambling
chescommessa.it,Gambling
casinoscompared.co.uk,Gambling
carinabay.com,Gambling
betasia.com,Gambling
pokertrainingguide.com,Gambling
eurobet.com,Gambling
goldenacorncasino.com,Gambling
spelapoker.se,Gambling
bingonoveltyworld.com,Gambling
thegamehunter.co.uk,Gambling
fondduluthcasino.com,Gambling
overcards.de,Gambling
unknownpoker.com,Gambling
hasardspel.com,Gambling
casinotitan.com,Gambling
pokercm.com,Gambling
casinogeezer.com,Gambling
pokerolymp.de,Gambling
zseton.hu,Gambling
playunited.com,Gambling
g-lotto.info,Gambling
paiutepalace.com,Gambling
canadiancasinoservice.com,Gambling
betraiser.com,Gambling
laroulette.net,Gambling
casinolaunchpad.com,Gambling
pokernewsnation.com,Gambling
vivavegas.co.uk,Gambling
propokerschool.com,Gambling
pokerfiches.com,Gambling
texasholdemplus.com,Gambling
loteriadenavidadsevilla.com,Gambling
kasinoking.dk,Gambling
casino-guiden.com,Gambling
casino-aalborg.dk,Gambling
cardsharp.org,Gambling
nzlotteries.co.nz,Gambling
blackjackinformer.com,Gambling
ibabingo.com,Gambling
seriouspoker.com,Gambling
kickapoo-casino.com,Gambling
casinos-online.co.uk,Gambling
missouricasinos.org,Gambling
online-casinos.co.uk,Gambling
webdopoker.com,Gambling
succeednow.com,Gambling
casino-tur.ru,Gambling
lottobusiness.it,Gambling
pokertyrnir.com,Gambling
mypokerplus.com,Gambling
pokerprofblog.com,Gambling
kasinobutiken.com,Gambling
gotosweepstakes.com,Gambling
gamblingstrategy.net,Gambling
smartplay.com,Gambling
goldeneaglecasino.com,Gambling
elitecasinoproductions.com,Gambling
partyaces.com,Gambling
multicolore.fr,Gambling
pokerreviewusa.com,Gambling
wettsysteme.de,Gambling
acecasinorentals.com,Gambling
advantagesportsbetting.com,Gambling
pokersiteonline.com,Gambling
bookies.dk,Gambling
24hr-onlinecasinos.com,Gambling
spielpalast.de,Gambling
poker-base.com,Gambling
casino-tokens.com,Gambling
gamblinginfo.com,Gambling
casinoveritas.com,Gambling
supersoccertipstersteam.com,Gambling
nettcasino.com,Gambling
casinorodos.gr,Gambling
les-croupiers.co.uk,Gambling
the-lottery.info,Gambling
danskpokerforbund.dk,Gambling
over-pair.com,Gambling
actualite-jeux.com,Gambling
pokerennes.fr,Gambling
betgold.com,Gambling
garysmomsbingopage.com,Gambling
playersinsider.com,Gambling
onlinecasinoitalia.com,Gambling
pokeronlineitalia.com,Gambling
bingobyen.dk,Gambling
casinoxanthi.gr,Gambling
animationcasino.com,Gambling
onlinecasino12.com,Gambling
lasvegas.be,Gambling
kvazi-kazino.ru,Gambling
gambling.dk,Gambling
laburjasort.com,Gambling
kenoexpert.com,Gambling
czechcasinos.com,Gambling
poker-journeys.com,Gambling
1x2tools.com,Gambling
bet-g.com,Gambling
launchpoker.com,Gambling
casino-to-go.co.uk,Gambling
ruletti.org,Gambling
scommessesicure.com,Gambling
pokerspravy.sk,Gambling
zx.nu,Gambling
all-live-scores.com,Gambling
pokerhome.com,Gambling
allvegaspoker.com,Gambling
pokerdynamites.net,Gambling
seoulcasino.co.kr,Gambling
blackjackpt.com,Gambling
onlinecasinoportal.net,Gambling
theswami.com,Gambling
azcasinoknights.com,Gambling
pokerplaza.nl,Gambling
casinoco.com,Gambling
taosmountaincasino.com,Gambling
oddsmaker.com,Gambling
pokerjesusonline.com,Gambling
pokeri.com,Gambling
pokerfieber.com,Gambling
damatrix.com,Gambling
onlinepokerwinning.com,Gambling
casino-de-montreal.com,Gambling
illinoiscasinogaming.org,Gambling
poker-paris.com,Gambling
pokernazivo.com,Gambling
mycasinoagent.com,Gambling
pokergenio.com,Gambling
blackjacktoday.com,Gambling
lucky18casino.com,Gambling
nwcasinoparty.com,Gambling
royal-casino.dk,Gambling
roulette-plaza.de,Gambling
onlinepokerasz.com,Gambling
pokerjeux.org,Gambling
sportswageringodds.com,Gambling
pokerigre.rs,Gambling
blackjack-club.de,Gambling
livres-de-poker.com,Gambling
eirbet.com,Gambling
kazino-onlajn.com.ua,Gambling
laloteriaencasa.com,Gambling
pokers-all.com,Gambling
club-quintessence.over-blog.com,Gambling
strategypoker.net,Gambling
onlinecasinoreviews.co.uk,Gambling
freerolls-poker.info,Gambling
pokerineurope.com,Gambling
handcrawler.com,Gambling
pukevip.com,Gambling
casinoaffiliateconvention.com,Gambling
poker-fr.com,Gambling
bingoweekly.com,Gambling
casinoscolonial.com,Gambling
pokerezz.com,Gambling
poker-en-ligne.org,Gambling
toulouse-poker.com,Gambling
casino-annemasse.fr,Gambling
doxxbet.cz,Gambling
myholdemtips.com,Gambling
treasurechestcasino.com,Gambling
bullwhackers.com,Gambling
floridacasinoreport.com,Gambling
onlinecasinos.org,Gambling
spelapoker.nu,Gambling
clubs-cards.com,Gambling
casinorouge.com,Gambling
pokervince.com,Gambling
barbarycoastcasino.com,Gambling
whichlotto.com,Gambling
pokersidan.se,Gambling
surveillance.narod.ru,Gambling
princesslotto.com,Gambling
coloradocentralstation.com,Gambling
pokerpapst.de,Gambling
tribupoker.fr,Gambling
all-in-poker.de,Gambling
parisenjeux.com,Gambling
pkrtools.com,Gambling
moolotto.com,Gambling
poker-club-oise.fr,Gambling
videopokeratoz.com,Gambling
pokeren-ligne.be,Gambling
pokeritaivas.com,Gambling
cinquante-deux.com,Gambling
seminolecasinobrighton.com,Gambling
7cedarscasino.com,Gambling
32vegas.com,Gambling
astutopoker.com,Gambling
onlinepokertutor.com,Gambling
the-stables.com,Gambling
barakacasino.com,Gambling
webazart.ru,Gambling
kittylotto.com,Gambling
epokerreviews.com,Gambling
sampieri.com.au,Gambling
asianhandicap.com,Gambling
e-blackjack.net,Gambling
casinoswild.com,Gambling
unreelslots.com,Gambling
stampedecasino.com,Gambling
idleminer.com,Gambling
nettibingo.com,Gambling
onthegocasino.com,Gambling
pokerliv.dk,Gambling
pokerthreads.net,Gambling
doylesroom.com,Gambling
casinosinternational.co.uk,Gambling
see-geb.com,Gambling
suncasinos.com,Gambling
casino.co.at,Gambling
tga-casino-hotel-management.co.uk,Gambling
pokermag.ru,Gambling
whiteoakcasino.com,Gambling
1-click-lotto.de,Gambling
pokerbargains.com,Gambling
pokershow.dk,Gambling
thebestcasinoguide.com,Gambling
casinoeuro.cz,Gambling
cardplayeritalia.com,Gambling
seminolehollywoodcasino.com,Gambling
delmarvacharitypoker.com,Gambling
poker-corner.com,Gambling
balkanpokerclub.com,Gambling
internetgamblingreport.com,Gambling
peoplespoker.it,Gambling
johncava.altervista.org,Gambling
poker-ftr.com,Gambling
slotbases.com,Gambling
nettpoker.nu,Gambling
fiestacasino.com,Gambling
50statescasino.com,Gambling
sazka.cz,Gambling
stanleybet.ro,Gambling
