247sudoku.com,Games
365chess.com,Games
4223.com,Games
700bike.com,Games
88box.com,Games
9l.pl,Games
allawar.net,Games
alpha-wars4.com,Games
anarchy-online.com,Games
angrybirdsoyna.com,Games
arenavalue.com,Games
bakaav.com,Games
capy.com,Games
catsandcatapults.com,Games
cheatsnow.net,Games
chessclub.com,Games
chesslive.com,Games
convars.com,Games
corazondemelon.es,Games
dai.org.ua,Games
dailykillersudoku.com,Games
dayz.su,Games
desert-operations.pl,Games
fragoria.com,Games
freeinvaders.org,Games
fuajedrez.org,Games
gabegaming.com,Games
gmthai.com,Games
gogames.me,Games
guildcraft.org,Games
hearthcards.net,Games
holy-war.net,Games
hozo.biz,Games
hpbmarketplace.com,Games
immortalday.com,Games
immortalnight.com,Games
lexicalwordfinder.com,Games
lp3.pl,Games
mafiamofo.com,Games
maidmarian.com,Games
marapets.com,Games
minecrafteo.es,Games
myfreezoo.com,Games
myfreezoo.ru,Games
netmarble.co.id,Games
nextchessmove.com,Games
nikoli.com,Games
pesonline.com.ua,Games
poki.pl,Games
puzzle-club.com,Games
puzzlemix.com,Games
puzzlesonline.es,Games
scrabble-solver.com,Games
sfgame.cz,Games
simsekmekkuin.gen.tr,Games
skidrowreloaded.com,Games
skyrim-5.ru,Games
soaindo.com,Games
soartex.net,Games
spaceorigin.fr,Games
steamarab.com,Games
sudoku-aktuell.de,Games
sudoku-solutions.com,Games
sudokugame.org,Games
svalka.mobi,Games
tiwar.net,Games
todosurf.com,Games
travian.gr,Games
xfire.com,Games
zonesudoku.com,Games
123trochoi.com,Games
7emecercle.com,Games
elouai.com,Games
123kortspill.no,Games
cardistry.su,Games
nintendo.es,Games
direct2drive.com,Games
gamefools.com,Games
mafiaspillet.no,Games
ncsoft.com,Games
girlgames.com,Games
games.tiscali.cz,Games
innogames.de,Games
filefront.com,Games
magiccardmarket.eu,Games
zam.com,Games
gameranger.com,Games
chesstempo.com,Games
lexulous.com,Games
myabandonware.com,Games
dan-dare.org,Games
myleague.com,Games
multiplayer.com,Games
bgflash.com,Games
crazy4jigsaws.com,Games
gpxplus.net,Games
realitymod.com,Games
wog.ch,Games
mamedev.org,Games
gratisspil.dk,Games
dressupgal.com,Games
bynogame.com,Games
tacticsarena.com,Games
gry-planszowe.pl,Games
emu-france.com,Games
multiplayerchess.com,Games
wowarmory.com,Games
wowtrack.org,Games
games.jeddahbikers.com,Games
freecell.net,Games
dadgum.com,Games
rune-nifelheim.com,Games
goblins.net,Games
thekoalition.com,Games
scacchisti.it,Games
gamebuy.ru,Games
mmohut.com,Games
spacesector.com,Games
naturalchimie.com,Games
2001jeux.com,Games
giochigratis.net,Games
triviacafe.com,Games
igirlgames.com,Games
gamerepublic.ru,Games
gokgs.com,Games
spong.com,Games
alliance-games.com,Games
diesims.de,Games
play.net,Games
fantasygrounds.com,Games
thegamerstop.com,Games
unchartedthegame.com,Games
progressquest.com,Games
cavesofnarshe.com,Games
warofdragons.com,Games
gamesquare.nl,Games
taito.co.jp,Games
le-sudoku.fr,Games
gamesparadise.com.au,Games
ichess.com,Games
dragonesnegros.com,Games
rpguides.de,Games
gamesload.it,Games
rpgsoluce.com,Games
sakk.hu,Games
arenazero.net,Games
barafranca.nl,Games
molehillempire.com,Games
