360kad.com,Health
aacrjournals.org,Health
adstract.com,Health
amr.net,Health
analytical360.com,Health
ars-med.lv,Health
assistedseniorliving.net,Health
atmentalhealth.jp,Health
auvi-q.com,Health
ayurvedatibetano.es,Health
baycare.org,Health
benco.com,Health
benessere360.com,Health
beyondyourgenetics.com,Health
blackwomenshealth.com,Health
bradleybirth.com,Health
brightfutures.org,Health
calivitavelcu.ro,Health
candida-pilz.com,Health
chado.ru,Health
clinicalsup.jp,Health
cochrane.org,Health
coh.org,Health
covidien.com,Health
cpraedcourse.com,Health
dental-health-advice.com,Health
dentistrytoday.com,Health
dhgpharma.com.vn,Health
doctoryourself.com,Health
e-cancer.fr,Health
eatingacademy.com,Health
edrugs.eu,Health
ehealthcareit.us,Health
emoryhealthcare.org,Health
firstresponse.com,Health
flagshipmd.com,Health
frog-bielefeld.de,Health
gennet.cz,Health
getpregnantover40.com,Health
greenwaymedical.com,Health
hamilegebe.org,Health
hcpro.com,Health
health-first.org,Health
health.is.edu,Health
healthyfoodstar.com,Health
hv-info.ru,Health
imaios.com,Health
instytut.pl,Health
integrativepro.com,Health
ispn.guide,Health
ivf-embryo.gr,Health
januvia.com,Health
jsi.com,Health
lifeextension.com,Health
maennergesundheit.info,Health
maisons-de-retraite.fr,Health
malehealthcenter.com,Health
marijuanadoctors.com,Health
mckesson.com,Health
mcsprogram.org,Health
medical-marijuana-shop.dk,Health
medicalpark.com.tr,Health
medlive.cn,Health
medpex.de,Health
medscape.org,Health
medwow.com,Health
menopausematters.co.uk,Health
mypharmacyconnect.com,Health
nationwidechildrens.org,Health
naturalhealthcareforyou.com,Health
numalemedical.com,Health
onecallcm.com,Health
oralanswers.com,Health
phaa.com,Health
pharmacygeoff.md,Health
pharmindex.ru,Health
plasticsurgery.org,Health
polisorb.ru,Health
pregnancymiracle.com,Health
pregnancysquare.com,Health
recovery.org,Health
redwoodtoxicology.com,Health
reikirays.com,Health
samson-pharma.ru,Health
scarymommy.com,Health
sch.nhs.uk,Health
schizophrenia.com,Health
sciondental.com,Health
scriphessco.com,Health
seniorcarecentersltc.com,Health
severeallergyconnect.com,Health
shen-nong.com,Health
sigmadental.net,Health
simplestepsdental.com,Health
smilecareclub.com,Health
stopthethyroidmadness.com,Health
texashealth.org,Health
thegooddrugsguide.com,Health
themilkmeg.com,Health
therapie.de,Health
therapistaid.com,Health
toothiq.com,Health
tratamentnaturist.ro,Health
truevalue.com,Health
tumor.rs,Health
uroblog.info,Health
urologicsurgeonsaz.com,Health
urologie-nebel.de,Health
uspharmacist.com,Health
vacunasaep.org,Health
vohraphysicians.com,Health
vyvanse.com,Health
whiwh.com,Health
womenshealthnetwork.com,Health
yourparenting.co.za,Health
kindjeopkomst.nl,Health
infertilityandadoption.org,Health
emphaire.com,Health
pmifit.com,Health
skincareworld.co.uk,Health
fettsauger.de,Health
endo-club.com,Health
sukl.cz,Health
nemlib.cz,Health
nichiyaku.or.jp,Health
lekarnici.cz,Health
endemik.lt,Health
doctoryourself.com,Health
zsisz.or.jp,Health
alir.nu,Health
allpsych.com,Health
mrc.ac.uk,Health
cepvi.com,Health
healthychild.org,Health
dako.com,Health
vll.se,Health
aacc.org,Health
frm.org,Health
pathway.com,Health
betipulnet.co.il,Health
psitest.com.ru,Health
ei-resource.org,Health
nmc.lt,Health
hjarnfonden.se,Health
naritsyn.ru,Health
medisvit.com,Health
psychologue.fr,Health
tdah.be,Health
ilmiopsicologo.it,Health
drjoecarver.com,Health
corcell.com,Health
isth.org,Health
ntsad.org,Health
mclab.com,Health
acris-antibodies.com,Health
ggc.org,Health
moph.go.th,Health
reliv.com,Health
det-dieta.ru,Health
doctorswithoutborders.org,Health
u-hiv.ru,Health
sarcinapesaptamani.ro,Health
radiomed.ru,Health
trisomy18.org,Health
american-rhinologic.org,Health
medindia.net,Health
betterhealth.vic.gov.au,Health
vsp.com,Health
americanpregnancy.org,Health
medtronic.com,Health
stetoskop.info,Health
allina.com,Health
consumerlab.com,Health
colgate.com,Health
chemocare.com,Health
dokter.nl,Health
wakehealth.edu,Health
caregroup.org,Health
pasteur.fr,Health
medstarhealth.org,Health
pcrm.org,Health
rwjf.org,Health
familydoctor.com.cn,Health
lowcarber.org,Health
cspinet.org,Health
pharmawiki.ch,Health
alcoholrehab.com,Health
childclinic.net,Health
diabetes.org.uk,Health
floridahospital.com,Health
starkey.com,Health
pharmacy2u.co.uk,Health
chs.net,Health
drugfree.org,Health
mif-ua.com,Health
idf.org,Health
creapharma.ch,Health
immunize.org,Health
crchealth.com,Health
nccn.org,Health
pearlevision.com,Health
istanbuleczaciodasi.org.tr,Health
bostonscientific.com,Health
chuv.ch,Health
materneo.com,Health
phonak.com,Health
poise.com,Health
counsyl.com,Health
vitamincenter.it,Health
celiac.org,Health
apollohospitals.com,Health
paginesanitarie.com,Health
rki.de,Health
vestibular.org,Health
fluoridealert.org,Health
monbebe.com,Health
concentra.com,Health
naturaltherapypages.com.au,Health
austinregionalclinic.com,Health
theravive.com,Health
cps.ca,Health
suchtmittel.de,Health
doktornevra.com,Health
dbsalliance.org,Health
carepaths.com,Health
celiaccentral.org,Health
healthdatamanagement.com,Health
mychemist.com.au,Health
trimbos.nl,Health
jiva.com,Health
layyous.com,Health
pdr.net,Health
worldaidsday.org,Health
adrenalfatigue.org,Health
schoen-kliniken.de,Health
centracare.com,Health
edward.org,Health
careington.com,Health
medhouse.ru,Health
idsociety.org,Health
currentpsychiatry.com,Health
emsc.net,Health
synthes.com,Health
chu-toulouse.fr,Health
sos03.lt,Health
asbestos.com,Health
clearblueeasy.com,Health
dryeyezone.com,Health
liverfoundation.org,Health
apteka24.ua,Health
nationaljewish.org,Health
mysupplementstore.com,Health
sleepdex.org,Health
methodisthealth.org,Health
asrm.org,Health
fpa.org.uk,Health
newmediamedicine.com,Health
harthosp.org,Health
ihealthtube.com,Health
mainehealth.org,Health
hcmc.org,Health
gentiva.com,Health
oandp.com,Health
fhi.no,Health
dentalespace.com,Health
menshealth.nl,Health
bone-surgery.ru,Health
baycrest.org,Health
samhealth.org,Health
hirslanden.ch,Health
land-der-traeume.de,Health
fenwayhealth.org,Health
neslimo.lv,Health
ata.org,Health
ospedalebambinogesu.it,Health
medicinehospital.com.tr,Health
unitedpharmacies.com,Health
quickmedical.com,Health
tuftshealthplan.com,Health
hill-rom.com,Health
seattlecca.org,Health
allaboutfasting.com,Health
dentrix.com,Health
helpforibs.com,Health
ion.ac.uk,Health
ic-network.com,Health
mercycare.org,Health
medcalc.com,Health
naturopathic.org,Health
nbome.org,Health
avera.org,Health
cannabis-med.org,Health
sefh.es,Health
kgh.on.ca,Health
betterlifehealthcare.com,Health
sjogrens.org,Health
cheo.on.ca,Health
dominiondental.com,Health
gaiaherbs.com,Health
healthyhearing.com,Health
meine-gesundheit.de,Health
beltone.com,Health
homeopathic.com,Health
lymedisease.org,Health
vnsny.org,Health
imaginis.com,Health
vibhavadi.com,Health
breathing.com,Health
herballegacy.com,Health
directhomemedical.com,Health
medicisenzafrontiere.it,Health
rchsd.org,Health
mdtmag.com,Health
dentsply.com,Health
thewomens.org.au,Health
myeyedr.com,Health
ospedaleniguarda.it,Health
masseyeandear.org,Health
bpas.org,Health
headaches.org,Health
wrha.mb.ca,Health
hearingplanet.com,Health
alexianbrothershealth.org,Health
hcv.ru,Health
nicodermcq.com,Health
diabeteshealth.com,Health
colonclub.com,Health
annuairesante.com,Health
oxford-med.com.ua,Health
hamiltonhealthsciences.ca,Health
ismp.org,Health
nathnac.org,Health
lebenshilfe-abc.de,Health
medical-tribune.de,Health
jeroenboschziekenhuis.nl,Health
ash.org.uk,Health
mentalhealthscreening.org,Health
irondisorders.org,Health
casmu.com.uy,Health
mater.org.au,Health
medicalert.org,Health
despreboli.ro,Health
deaconess.com,Health
health.ucsd.edu,Health
gwdocs.com,Health
sbhcs.com,Health
tandartsennet.nl,Health
upsihologa.com.ua,Health
arrs.org,Health
pregnancy.com.au,Health
doctorbg.com,Health
cryobank.com,Health
stjoe.on.ca,Health
saludfemenina.com.ar,Health
12step.org,Health
caducee.net,Health
sjhsyr.org,Health
alexandertechnique.com,Health
polioeradication.org,Health
abpn.com,Health
managedcaremag.com,Health
drhallowell.com,Health
genou.com,Health
rushortho.com,Health
alzinfo.org,Health
sourcenaturals.com,Health
crouse.org,Health
brainlab.com,Health
ukrdental.com,Health
pbhs.com,Health
gilenya.com,Health
lenoxhillhospital.org,Health
cancer.org.il,Health
familienplanung.de,Health
synthroid.com,Health
mmc.org,Health
asn-online.org,Health
girodmedical.com,Health
cfah.org,Health
rhodeislandhospital.org,Health
redclinica.cl,Health
bachcentre.com,Health
thyca.org,Health
betterwayhealth.com,Health
itg.be,Health
coccyx.org,Health
sofamed.com,Health
emedica.pl,Health
ccmtutorials.com,Health
nuemd.com,Health
aasld.org,Health
als.net,Health
nyhq.org,Health
show.org.tw,Health
prostrcision.com,Health
ivoclarvivadent.com,Health
urgences-serveur.fr,Health
botanicchoice.com,Health
naabt.org,Health
primaryimmune.org,Health
alternativa-mc.ru,Health
nuh.nhs.uk,Health
rockwellnutrition.com,Health
baystatehealth.com,Health
malarianomore.org,Health
drrind.com,Health
asam.org,Health
aspies.de,Health
womenshealthcaretopics.com,Health
himalayahealthcare.com,Health
thetahealing.com,Health
providencehealthcare.org,Health
foreyes.com,Health
pediatricassociates.com,Health
tradjenta.com,Health
drbicuspid.com,Health
cbi.ca,Health
harleytherapy.co.uk,Health
canadapharmacy.com,Health
altabatessummit.org,Health
pirogov-center.ru,Health
npcf.nl,Health
puristat.com,Health
womens-health.co.uk,Health
stevegjones.com,Health
mednutrition.gr,Health
msmc.com,Health
ekolkbb.com,Health
radiodoktoren.dk,Health
tc-cancer.com,Health
epill.com,Health
medicus.com.ar,Health
amessi.org,Health
healthinaging.org,Health
nym.org,Health
mediresource.com,Health
prevea.com,Health
alert-1.com,Health
diabsite.de,Health
thedea.org,Health
amerikanhastanesi.org,Health
michaelshouse.com,Health
cancer-fund.org,Health
tmh.org,Health
crohns.net,Health
bipolar-lives.com,Health
unityhealth.org,Health
theaidsinstitute.org,Health
cnio.es,Health
aleve.com,Health
smile-center.com.ua,Health
huntingtonhospital.com,Health
sonosite.com,Health
lpch.org,Health
ruh.nhs.uk,Health
sjogrensworld.org,Health
francealzheimer.org,Health
kyousei-shika.net,Health
denplan.co.uk,Health
tiroides.net,Health
healingdaily.com,Health
ccsa.ca,Health
pediastaff.com,Health
thewatershed.com,Health
hiperfarma.lt,Health
aane.org,Health
diabetesaction.org,Health
naemt.org,Health
apteki.kiev.ua,Health
galliera.it,Health
pvhmc.org,Health
chinookmed.com,Health
asthmaaustralia.org.au,Health
mountnittany.org,Health
americanmedtech.org,Health
rqhealth.ca,Health
borgess.com,Health
buyemp.com,Health
biopsychiatry.com,Health
preventblindness.org,Health
aidshilfe.de,Health
dh.org,Health
anaphylaxis.org.uk,Health
affinityhealth.org,Health
bsuh.nhs.uk,Health
marilynglenville.com,Health
hepcentro.com.br,Health
ibji.com,Health
uncommon-knowledge.co.uk,Health
pthealth.ca,Health
zonapediatrica.com,Health
avogel.ch,Health
kvberlin.de,Health
epilepsy.org.au,Health
mental-navi.net,Health
harrisonmedical.org,Health
lasalud.com,Health
womenandinfants.org,Health
rehydrate.org,Health
swedishcovenant.org,Health
ijdr.in,Health
chpw.org,Health
gmhc.org,Health
back.com,Health
medtechmarket.ru,Health
zdrave.net,Health
acnt.edu.au,Health
mcleodhealth.org,Health
vha.ca,Health
tctmd.com,Health
gambro.com,Health
mhcd.org,Health
alchymed.com,Health
pureinsideout.com,Health
pharmland.by,Health
stmarys.org,Health
uofmchildrenshospital.org,Health
stanthonysmedcenter.com,Health
hhsys.org,Health
krebsliga.ch,Health
praxisdienst.com,Health
medizinauskunft.de,Health
medknowledge.de,Health
burbankdentalimplants.com,Health
haysmed.com,Health
intellicare.com.ph,Health
tweestedenziekenhuis.nl,Health
harbinclinic.com,Health
optical.org,Health
mccabespharmacy.com,Health
ncagip.ru,Health
doktorsensin.com,Health
myasthenia.org,Health
nismat.org,Health
placidway.com,Health
toplenzen.nl,Health
webpathology.com,Health
euroclinic.gr,Health
afterpsychotherapy.com,Health
xolair.com,Health
helppro.com,Health
prestigecare.com,Health
suat.com.uy,Health
crnusa.org,Health
daikokudrug.com,Health
ouh.dk,Health
ascensionhealth.org,Health
appslive.com,Health
bcbsms.com,Health
badbedbugs.com,Health
