analysys.cn,Home_and_Garden
contemporaryhomedecor.org,Home_and_Garden
decoratingyoursmallspace.com,Home_and_Garden
fabricut.com,Home_and_Garden
greensad.com.ua,Home_and_Garden
klumba-plus.ru,Home_and_Garden
mydecosphere.fr,Home_and_Garden
networx.com,Home_and_Garden
tsvetnik.info,Home_and_Garden
vegetablegardener.com,Home_and_Garden
wowremont.ru,Home_and_Garden
hammerzone.com,Home_and_Garden
klassdis.ru,Home_and_Garden
nhhostas.com,Home_and_Garden
greenfingers.com.au,Home_and_Garden
devriesterrazzo.nl,Home_and_Garden
tvoidom.org,Home_and_Garden
terflor.it,Home_and_Garden
apropergarden.net,Home_and_Garden
dehuifkar.com,Home_and_Garden
zvezda-salona.ru,Home_and_Garden
strawberryplants.org,Home_and_Garden
