189.cn,Internet_and_Telecom
airlink.in,Internet_and_Telecom
alluc.com,Internet_and_Telecom
anonim.pro,Internet_and_Telecom
anony.ws,Internet_and_Telecom
b2bgamingservices.com,Internet_and_Telecom
baiduyun.me,Internet_and_Telecom
bashooka.com,Internet_and_Telecom
beelinewifi.ru,Internet_and_Telecom
bienenforum.at,Internet_and_Telecom
blogspot.com.tr,Internet_and_Telecom
campidiot.com,Internet_and_Telecom
chateagratis.net,Internet_and_Telecom
cjb.net,Internet_and_Telecom
darkwarez.pl,Internet_and_Telecom
dathost.net,Internet_and_Telecom
deathtollscans.net,Internet_and_Telecom
designup.jp,Internet_and_Telecom
dhfr.ru,Internet_and_Telecom
digitalpigeon.com,Internet_and_Telecom
domain.cn,Internet_and_Telecom
dreamies.de,Internet_and_Telecom
dscout.com,Internet_and_Telecom
email.it,Internet_and_Telecom
facebookgroups.com,Internet_and_Telecom
fanaticus.org,Internet_and_Telecom
fiber.nl,Internet_and_Telecom
figshare.com,Internet_and_Telecom
filesend.to,Internet_and_Telecom
fisierulmeu.net,Internet_and_Telecom
frmtr.com,Internet_and_Telecom
getmailbird.com,Internet_and_Telecom
google.ae,Internet_and_Telecom
google.at,Internet_and_Telecom
google.bg,Internet_and_Telecom
google.by,Internet_and_Telecom
google.ch,Internet_and_Telecom
google.cl,Internet_and_Telecom
google.cn,Internet_and_Telecom
google.co.il,Internet_and_Telecom
google.co.ve,Internet_and_Telecom
google.co.za,Internet_and_Telecom
google.com.bd,Internet_and_Telecom
google.com.eg,Internet_and_Telecom
google.com.sa,Internet_and_Telecom
google.hr,Internet_and_Telecom
google.hu,Internet_and_Telecom
google.no,Internet_and_Telecom
google.ro,Internet_and_Telecom
google.se,Internet_and_Telecom
halloweennut.tumblr.com,Internet_and_Telecom
hauntforum.com,Internet_and_Telecom
hongfire.com,Internet_and_Telecom
hookahforum.com,Internet_and_Telecom
imgclick.net,Internet_and_Telecom
imvu.com,Internet_and_Telecom
indiankanoon.org,Internet_and_Telecom
kam20.com,Internet_and_Telecom
kickasstorrents.eu,Internet_and_Telecom
kpnmail.nl,Internet_and_Telecom
krak.dk,Internet_and_Telecom
lamebook.com,Internet_and_Telecom
leakforums.org,Internet_and_Telecom
lide.cz,Internet_and_Telecom
life.ua,Internet_and_Telecom
magnetdl.com,Internet_and_Telecom
mail.bg,Internet_and_Telecom
mixi.jp,Internet_and_Telecom
mtb-forum.it,Internet_and_Telecom
mts.ua,Internet_and_Telecom
myairbridge.com,Internet_and_Telecom
net-combo-ja.com,Internet_and_Telecom
pipexbd.com,Internet_and_Telecom
pirateproxy.sx,Internet_and_Telecom
pixelovely.com,Internet_and_Telecom
playermailer.net,Internet_and_Telecom
seqanswers.com,Internet_and_Telecom
shayhowe.com,Internet_and_Telecom
siambit.tv,Internet_and_Telecom
site.ua,Internet_and_Telecom
skylogin.com,Internet_and_Telecom
soapboxsurvey.co.uk,Internet_and_Telecom
stellar.io,Internet_and_Telecom
tataindicom.com,Internet_and_Telecom
torrentbd.com,Internet_and_Telecom
torrentz.com,Internet_and_Telecom
torrentz.in,Internet_and_Telecom
twitlonger.com,Internet_and_Telecom
warriorforum.com,Internet_and_Telecom
webdesign-inspiration.com,Internet_and_Telecom
xinqixi.com,Internet_and_Telecom
yahoomail.com,Internet_and_Telecom
yourfilegarden.com,Internet_and_Telecom
yunfile.com,Internet_and_Telecom
lures.info,Internet_and_Telecom
aqua-reef.pl,Internet_and_Telecom
kaomojinavi.net,Internet_and_Telecom
writingforums.org,Internet_and_Telecom
sylviaplathforum.com,Internet_and_Telecom
journalintime.com,Internet_and_Telecom
indeath.net,Internet_and_Telecom
deardiary.net,Internet_and_Telecom
delibris.net,Internet_and_Telecom
luismarianofernandez.com,Internet_and_Telecom
darkforum.com,Internet_and_Telecom
12allchat.com,Internet_and_Telecom
talkstats.com,Internet_and_Telecom
lingvoforum.net,Internet_and_Telecom
imkerforum.de,Internet_and_Telecom
mersenneforum.org,Internet_and_Telecom
xdatabase.de,Internet_and_Telecom
just.nu,Internet_and_Telecom
icriforum.org,Internet_and_Telecom
politicalforum.com,Internet_and_Telecom
debatepolitics.com,Internet_and_Telecom
ote.gr,Internet_and_Telecom
polishforums.com,Internet_and_Telecom
mydeathspace.com,Internet_and_Telecom
finlandforum.org,Internet_and_Telecom
engelliler.gen.tr,Internet_and_Telecom
jpberlin.de,Internet_and_Telecom
skalman.nu,Internet_and_Telecom
tfmpage.com,Internet_and_Telecom
snrclan.com,Internet_and_Telecom
forum-fuer-senioren.de,Internet_and_Telecom
molgen.org,Internet_and_Telecom
ukgser.com,Internet_and_Telecom
rc-heli.de,Internet_and_Telecom
speedway-forum.co.uk,Internet_and_Telecom
mini2.info,Internet_and_Telecom
freshalloy.com,Internet_and_Telecom
ferrarilife.com,Internet_and_Telecom
clublupo.co.uk,Internet_and_Telecom
abarth-forum.de,Internet_and_Telecom
homemadeturbo.com,Internet_and_Telecom
lime.com,Internet_and_Telecom
crazyboards.org,Internet_and_Telecom
dlvdm.com,Internet_and_Telecom
forum-thyroide.net,Internet_and_Telecom
misrespuestas.com,Internet_and_Telecom
zero36.mobi,Internet_and_Telecom
lottopad.pl,Internet_and_Telecom
lotto.sweell.com,Internet_and_Telecom
banco.fr,Internet_and_Telecom
futisforum2.org,Internet_and_Telecom
airsoftforum.com,Internet_and_Telecom
thephins.com,Internet_and_Telecom
fcgforum.nl,Internet_and_Telecom
broncosforums.com,Internet_and_Telecom
blok4.dk,Internet_and_Telecom
forobarcelona.net,Internet_and_Telecom
talkingballs.co.uk,Internet_and_Telecom
exisle.net,Internet_and_Telecom
free-fonts.com,Internet_and_Telecom
gratilog.net,Internet_and_Telecom
typo3forum.net,Internet_and_Telecom
tutoriaux-excalibur.com,Internet_and_Telecom
zero.kz,Internet_and_Telecom
tt-forums.net,Internet_and_Telecom
