airforce.com,Law_and_Government
australia-migration.com,Law_and_Government
bengo4.com,Law_and_Government
bestpravo.ru,Law_and_Government
citizenpath.com,Law_and_Government
cyberkid.gov.gr,Law_and_Government
defencenews.in,Law_and_Government
gib.gov.tr,Law_and_Government
gmdietworks.com,Law_and_Government
gro.gov.uk,Law_and_Government
gu.spb.ru,Law_and_Government
gujarat.gov.in,Law_and_Government
immi.gov.au,Law_and_Government
immigration.pn,Law_and_Government
myassureservices.com,Law_and_Government
nwivisas.com,Law_and_Government
soldiersystems.net,Law_and_Government
special-ops.org,Law_and_Government
toimmigrate.com,Law_and_Government
tuvanditru.com,Law_and_Government
ukimmigrationspecialist.com,Law_and_Government
usa-green-card.com,Law_and_Government
visabali.com,Law_and_Government
visanow.com,Law_and_Government
visatopia.com,Law_and_Government
westyorksfire.gov.uk,Law_and_Government
wmimmigration.com,Law_and_Government
zakonbase.ru,Law_and_Government
blansko.cz,Law_and_Government
ntl.gov.tw,Law_and_Government
cssd.cz,Law_and_Government
havirov-city.cz,Law_and_Government
ridgewoodnj.net,Law_and_Government
bedrichov.cz,Law_and_Government
mesto-uh.cz,Law_and_Government
grygov.cz,Law_and_Government
kdu.cz,Law_and_Government
mesto-hranice.cz,Law_and_Government
zmos.sk,Law_and_Government
khsova.cz,Law_and_Government
harveysilverglate.com,Law_and_Government
potterminton.com,Law_and_Government
rsk.is,Law_and_Government
mospi.nic.in,Law_and_Government
jyvaskyla.fi,Law_and_Government
tullverket.se,Law_and_Government
sviva.gov.il,Law_and_Government
stat.gov.lt,Law_and_Government
sodertalje.se,Law_and_Government
datainspektionen.se,Law_and_Government
dabi.gov.ua,Law_and_Government
minagro.gov.ua,Law_and_Government
adm-pl.gov.ua,Law_and_Government
herrljunga.se,Law_and_Government
zoda.gov.ua,Law_and_Government
vannas.se,Law_and_Government
salem.se,Law_and_Government
sunne.se,Law_and_Government
lindesberg.se,Law_and_Government
kaustinen.fi,Law_and_Government
basauri.net,Law_and_Government
swedac.se,Law_and_Government
kyivobljust.gov.ua,Law_and_Government
rsyd.se,Law_and_Government
advokatymoscow.ru,Law_and_Government
ztoe.com.ua,Law_and_Government
humanservices.gov.au,Law_and_Government
india.gov.in,Law_and_Government
petroleum.nic.in,Law_and_Government
karnataka.gov.in,Law_and_Government
sre.gob.mx,Law_and_Government
az.gov,Law_and_Government
immigration.govt.nz,Law_and_Government
mfa.gov.tr,Law_and_Government
cbec.gov.in,Law_and_Government
customs.gov.my,Law_and_Government
csgb.gov.tr,Law_and_Government
democrats.org,Law_and_Government
gp.gov.ua,Law_and_Government
odmp.org,Law_and_Government
pajak.go.id,Law_and_Government
ballotpedia.org,Law_and_Government
fairwork.gov.au,Law_and_Government
spa.gov.my,Law_and_Government
msb.gov.tr,Law_and_Government
president.gov.ua,Law_and_Government
tnvelaivaaippu.gov.in,Law_and_Government
transport.qld.gov.au,Law_and_Government
wp.mil.pl,Law_and_Government
mvdis.gov.tw,Law_and_Government
ocgov.com,Law_and_Government
sars.gov.za,Law_and_Government
istanbulbarosu.org.tr,Law_and_Government
prc.gov.ph,Law_and_Government
edb.gov.hk,Law_and_Government
america.gov,Law_and_Government
sfgov.org,Law_and_Government
winnipeg.ca,Law_and_Government
vgm.gov.tr,Law_and_Government
ird.gov.hk,Law_and_Government
lawtw.com,Law_and_Government
citizenship.gov.au,Law_and_Government
deewr.gov.au,Law_and_Government
tarrantcounty.com,Law_and_Government
indianairforce.nic.in,Law_and_Government
legeaz.net,Law_and_Government
semarnat.gob.mx,Law_and_Government
gov.com,Law_and_Government
pinellascounty.org,Law_and_Government
dm.gov.ae,Law_and_Government
chanrobles.com,Law_and_Government
oaklandnet.com,Law_and_Government
minv.sk,Law_and_Government
customs.gov.cn,Law_and_Government
judgepedia.org,Law_and_Government
conservatives.com,Law_and_Government
legislation.gov.hk,Law_and_Government
dlapiper.com,Law_and_Government
eesti.ee,Law_and_Government
mcso.org,Law_and_Government
presidencia.gob.mx,Law_and_Government
michbar.org,Law_and_Government
talgov.com,Law_and_Government
government.nl,Law_and_Government
dfa.gov.ph,Law_and_Government
icj-cij.org,Law_and_Government
astynomia.gr,Law_and_Government
deutsche-anwaltshotline.de,Law_and_Government
sucive.gub.uy,Law_and_Government
mofo.com,Law_and_Government
mfa.gr,Law_and_Government
sdtreastax.com,Law_and_Government
westgroup.com,Law_and_Government
agc.gov.sg,Law_and_Government
fincen.gov,Law_and_Government
dbm.gov.ph,Law_and_Government
kehakiman.gov.my,Law_and_Government
hoganlovells.com,Law_and_Government
commerce.wa.gov.au,Law_and_Government
towerhamlets.gov.uk,Law_and_Government
afp.gov.au,Law_and_Government
mypalmbeachclerk.com,Law_and_Government
rutherford.org,Law_and_Government
morganlewis.com,Law_and_Government
president.gov.by,Law_and_Government
presidencia.gub.uy,Law_and_Government
essex.gov.uk,Law_and_Government
illinoislegalaid.org,Law_and_Government
mod.gov.rs,Law_and_Government
dentoncounty.com,Law_and_Government
sgdi.gov.sg,Law_and_Government
brennancenter.org,Law_and_Government
kazanci.com,Law_and_Government
redbridge.gov.uk,Law_and_Government
assembly.go.kr,Law_and_Government
go2senkyo.com,Law_and_Government
portlandonline.com,Law_and_Government
euroavocatura.ro,Law_and_Government
gibsondunn.com,Law_and_Government
polkcountyiowa.gov,Law_and_Government
secretariasenado.gov.co,Law_and_Government
parlament.hu,Law_and_Government
isba.org,Law_and_Government
mof.gov.cy,Law_and_Government
portugal.gov.pt,Law_and_Government
diw.go.th,Law_and_Government
oprf.ru,Law_and_Government
gov.gg,Law_and_Government
hollandhart.com,Law_and_Government
local.gov.uk,Law_and_Government
bumko.gov.tr,Law_and_Government
bsf.nic.in,Law_and_Government
ontla.on.ca,Law_and_Government
jerusalem.muni.il,Law_and_Government
todaysmilitary.com,Law_and_Government
afreserve.com,Law_and_Government
mnr.gov.ru,Law_and_Government
singstat.gov.sg,Law_and_Government
om.nl,Law_and_Government
gov.bw,Law_and_Government
dot.gov.in,Law_and_Government
countyofsb.org,Law_and_Government
brevardcounty.us,Law_and_Government
aduanas.gub.uy,Law_and_Government
acacia-au.com,Law_and_Government
sra.org.uk,Law_and_Government
ij.org,Law_and_Government
mod.go.th,Law_and_Government
sheriffleefl.org,Law_and_Government
ksdot.org,Law_and_Government
soquij.qc.ca,Law_and_Government
internet-law.ru,Law_and_Government
dubailand.gov.ae,Law_and_Government
dti.gov.ph,Law_and_Government
moedu.gov.bd,Law_and_Government
cso.ie,Law_and_Government
parliamentofindia.nic.in,Law_and_Government
twobirds.com,Law_and_Government
kingston.gov.uk,Law_and_Government
gchq.gov.uk,Law_and_Government
army.gov.au,Law_and_Government
juventude.gov.pt,Law_and_Government
njsp.org,Law_and_Government
parlement.com,Law_and_Government
sai.gov.ua,Law_and_Government
cob.org,Law_and_Government
pinalcountyaz.gov,Law_and_Government
president.az,Law_and_Government
droitbelge.be,Law_and_Government
mof.go.th,Law_and_Government
ceobihar.nic.in,Law_and_Government
hamilton-co.org,Law_and_Government
asmdc.org,Law_and_Government
cookcountytreasurer.com,Law_and_Government
minminas.gov.co,Law_and_Government
csb.gov.jo,Law_and_Government
emsd.gov.hk,Law_and_Government
air-defense.net,Law_and_Government
rural.nic.in,Law_and_Government
bundesverfassungsgericht.de,Law_and_Government
minagric.gr,Law_and_Government
navycs.com,Law_and_Government
wisbar.org,Law_and_Government
ambafrance-dz.org,Law_and_Government
cityoflondon.police.uk,Law_and_Government
indianembassy.org,Law_and_Government
foley.com,Law_and_Government
turkpatent.gov.tr,Law_and_Government
msme.gov.in,Law_and_Government
forsythco.com,Law_and_Government
pfu.gov.ua,Law_and_Government
dmsu.gov.ua,Law_and_Government
mfa.bg,Law_and_Government
liveinvictoria.vic.gov.au,Law_and_Government
mintrud.gov.by,Law_and_Government
chattanooga.gov,Law_and_Government
immigration.gov.ph,Law_and_Government
shusterman.com,Law_and_Government
gpk.gov.by,Law_and_Government
conservativerefocus.com,Law_and_Government
edgarsnyder.com,Law_and_Government
sayistay.gov.tr,Law_and_Government
cgisf.org,Law_and_Government
probono.net,Law_and_Government
quirinale.it,Law_and_Government
eversheds.com,Law_and_Government
provo.org,Law_and_Government
clarkprosecutor.org,Law_and_Government
iowacourts.gov,Law_and_Government
scbar.org,Law_and_Government
internet-law.de,Law_and_Government
ncdrc.nic.in,Law_and_Government
lawstuff.org.au,Law_and_Government
springfieldmo.gov,Law_and_Government
dalloz.fr,Law_and_Government
belstat.gov.by,Law_and_Government
janolaw.de,Law_and_Government
pm.gov.au,Law_and_Government
tba.org,Law_and_Government
davispolk.com,Law_and_Government
jenner.com,Law_and_Government
keralapwd.gov.in,Law_and_Government
wsd.gov.hk,Law_and_Government
bracknell-forest.gov.uk,Law_and_Government
visaplace.com,Law_and_Government
mfa.gov.rs,Law_and_Government
lawsociety.bc.ca,Law_and_Government
med.govt.nz,Law_and_Government
justiz.de,Law_and_Government
gic.gov.lk,Law_and_Government
keralapolice.org,Law_and_Government
daftar.org,Law_and_Government
velaw.com,Law_and_Government
scsos.com,Law_and_Government
findlegalforms.com,Law_and_Government
moia.gov.il,Law_and_Government
census.gov.ph,Law_and_Government
mfa.gov.ge,Law_and_Government
waukeshacounty.gov,Law_and_Government
mdsp.org,Law_and_Government
minrel.gov.cl,Law_and_Government
csc-scc.gc.ca,Law_and_Government
parliament.gr,Law_and_Government
legalaid.on.ca,Law_and_Government
legalis.net,Law_and_Government
assemblea.cat,Law_and_Government
buckscounty.org,Law_and_Government
colchester.gov.uk,Law_and_Government
kent.police.uk,Law_and_Government
seminoleclerk.org,Law_and_Government
haynesboone.com,Law_and_Government
spravedlivo.ru,Law_and_Government
apsc.gov.au,Law_and_Government
portsmouth.gov.uk,Law_and_Government
nsi.bg,Law_and_Government
senado.gov.co,Law_and_Government
e-qanun.az,Law_and_Government
usaspending.gov,Law_and_Government
aipla.org,Law_and_Government
mca.gov.cn,Law_and_Government
henleyglobal.com,Law_and_Government
president.gov.ph,Law_and_Government
elmbridge.gov.uk,Law_and_Government
cityofportsmouth.com,Law_and_Government
hyd.gov.hk,Law_and_Government
sheppardmullin.com,Law_and_Government
yorkcountygov.com,Law_and_Government
indiacgny.org,Law_and_Government
sentencing.typepad.com,Law_and_Government
osfi-bsif.gc.ca,Law_and_Government
townsville.qld.gov.au,Law_and_Government
ipd.gov.hk,Law_and_Government
polizei-bw.de,Law_and_Government
ottawapolice.ca,Law_and_Government
dorsey.com,Law_and_Government
spartanburgcounty.org,Law_and_Government
ejil.org,Law_and_Government
vks.bg,Law_and_Government
stimmel-law.com,Law_and_Government
slaughterandmay.com,Law_and_Government
azag.gov,Law_and_Government
lawfirms.com,Law_and_Government
santamonicapd.org,Law_and_Government
jcf.gov.jm,Law_and_Government
sefton.gov.uk,Law_and_Government
healthlawyers.org,Law_and_Government
vermontjudiciary.org,Law_and_Government
majorityleader.gov,Law_and_Government
dpcd.vic.gov.au,Law_and_Government
sfbos.org,Law_and_Government
ruscon.org,Law_and_Government
isd.gov.hk,Law_and_Government
stanct.org,Law_and_Government
cortedicassazione.it,Law_and_Government
lss.bc.ca,Law_and_Government
ohiosenate.gov,Law_and_Government
nifc.gov,Law_and_Government
njlaws.com,Law_and_Government
andrewskurth.com,Law_and_Government
dcd.gov.ae,Law_and_Government
montgomeryal.gov,Law_and_Government
hastings.gov.uk,Law_and_Government
manateeclerk.com,Law_and_Government
macombcountymi.gov,Law_and_Government
catastro.gub.uy,Law_and_Government
okbar.org,Law_and_Government
advocaat.be,Law_and_Government
wilsonelser.com,Law_and_Government
gouvernement.lu,Law_and_Government
g20.org,Law_and_Government
pabar.org,Law_and_Government
ghana.gov.gh,Law_and_Government
publiccounsel.org,Law_and_Government
tamimi.com,Law_and_Government
parlament.cat,Law_and_Government
berkeleycountysc.gov,Law_and_Government
albanycounty.com,Law_and_Government
arentfox.com,Law_and_Government
government.by,Law_and_Government
cducsu.de,Law_and_Government
mvcc.vic.gov.au,Law_and_Government
gov.ky,Law_and_Government
trafficpolice.go.th,Law_and_Government
herts.police.uk,Law_and_Government
nvbar.org,Law_and_Government
mot.gov.sa,Law_and_Government
moray.gov.uk,Law_and_Government
pabulletin.com,Law_and_Government
doughtystreet.co.uk,Law_and_Government
dogbitelaw.com,Law_and_Government
saeima.lv,Law_and_Government
jw.com,Law_and_Government
nottinghamshire.police.uk,Law_and_Government
oag-bvg.gc.ca,Law_and_Government
rrb.gov,Law_and_Government
usccr.gov,Law_and_Government
wklaw.com,Law_and_Government
stikeman.com,Law_and_Government
minfin.gov.by,Law_and_Government
mpsp.gov.my,Law_and_Government
brevardsheriff.com,Law_and_Government
customs.gov.lk,Law_and_Government
gop.gov,Law_and_Government
michiganautolaw.com,Law_and_Government
armedforces-int.com,Law_and_Government
gld.gov.hk,Law_and_Government
cityoftemecula.org,Law_and_Government
casey.vic.gov.au,Law_and_Government
jlp-law.com,Law_and_Government
cochranfirm.com,Law_and_Government
basildon.gov.uk,Law_and_Government
zjsgat.gov.cn,Law_and_Government
cabsec.nic.in,Law_and_Government
nationaleombudsman.nl,Law_and_Government
minszw.nl,Law_and_Government
try.gov.hk,Law_and_Government
gw.govt.nz,Law_and_Government
moic.gov.bh,Law_and_Government
rvd.gov.hk,Law_and_Government
westportct.gov,Law_and_Government
marionso.com,Law_and_Government
whatcomcounty.us,Law_and_Government
treasury.gov.ua,Law_and_Government
creg.gov.co,Law_and_Government
apslaw.com,Law_and_Government
cobbsuperiorcourtclerk.org,Law_and_Government
mplp.org,Law_and_Government
horsham.gov.uk,Law_and_Government
mto.com,Law_and_Government
pncc.govt.nz,Law_and_Government
humanrightsinitiative.org,Law_and_Government
withersworldwide.com,Law_and_Government
preiskurant.ru,Law_and_Government
clallam.net,Law_and_Government
city.numazu.shizuoka.jp,Law_and_Government
consumer.gov,Law_and_Government
indianconsulate.com,Law_and_Government
paulding.gov,Law_and_Government
mspb.gov,Law_and_Government
lga.sa.gov.au,Law_and_Government
hamiltonnj.com,Law_and_Government
thailawforum.com,Law_and_Government
eaindustry.nic.in,Law_and_Government
azcorrections.gov,Law_and_Government
lawinfochina.com,Law_and_Government
justice.ie,Law_and_Government
coloradoattorneygeneral.gov,Law_and_Government
skillclear.co.uk,Law_and_Government
doj.gov.ph,Law_and_Government
sfo.gov.uk,Law_and_Government
jpso.com,Law_and_Government
mwr.gov.cn,Law_and_Government
forzaitalia.it,Law_and_Government
hinshawlaw.com,Law_and_Government
rbs2.com,Law_and_Government
cyprus.gov.cy,Law_and_Government
eastleigh.gov.uk,Law_and_Government
elaw.org,Law_and_Government
state.sd.us,Law_and_Government
wychavon.gov.uk,Law_and_Government
michellawyers.com,Law_and_Government
edinros.ru,Law_and_Government
wolfbaldwin.com,Law_and_Government
suprema.gov.do,Law_and_Government
lackawannacounty.org,Law_and_Government
etenders.gov.ie,Law_and_Government
csa.gov.au,Law_and_Government
davis.ca,Law_and_Government
gaes.gov.mo,Law_and_Government
1dca.org,Law_and_Government
unitesgppolice.com,Law_and_Government
worldlii.org,Law_and_Government
supremecourt.ge,Law_and_Government
consulfrance-quebec.org,Law_and_Government
jlc.org,Law_and_Government
thaiembdc.org,Law_and_Government
stockton.gov.uk,Law_and_Government
nala.org,Law_and_Government
cityofkeller.com,Law_and_Government
choate.com,Law_and_Government
smpa.go.kr,Law_and_Government
newrochelleny.com,Law_and_Government
lac.org,Law_and_Government
jud6.org,Law_and_Government
president.gov.af,Law_and_Government
malcolmturnbull.com.au,Law_and_Government
budapest13.hu,Law_and_Government
chichester.gov.uk,Law_and_Government
ambafrance-es.org,Law_and_Government
tribunaux.qc.ca,Law_and_Government
watford.gov.uk,Law_and_Government
tmbc.gov.uk,Law_and_Government
westoxon.gov.uk,Law_and_Government
rother.gov.uk,Law_and_Government
plq.org,Law_and_Government
parliament.lk,Law_and_Government
votewatch.eu,Law_and_Government
cleardocs.com,Law_and_Government
legalaidnc.org,Law_and_Government
schmidtlaw.com,Law_and_Government
qls.com.au,Law_and_Government
supremecourt.vic.gov.au,Law_and_Government
daypitney.com,Law_and_Government
stpetersmo.net,Law_and_Government
wifcon.com,Law_and_Government
moj.gov.jo,Law_and_Government
consulrussia.org,Law_and_Government
fultonsheriff.org,Law_and_Government
airforce.lk,Law_and_Government
cuatrecasas.com,Law_and_Government
sydneyrussianconsulate.com,Law_and_Government
bannerwitcoff.com,Law_and_Government
fso.gov.ru,Law_and_Government
legi-internet.ro,Law_and_Government
hume.vic.gov.au,Law_and_Government
publicwhip.org.uk,Law_and_Government
nautadutilh.com,Law_and_Government
tammybaldwin.com,Law_and_Government
pimasheriff.org,Law_and_Government
pakistan.org.au,Law_and_Government
cmab.gov.hk,Law_and_Government
cgibirmingham.org,Law_and_Government
msbar.org,Law_and_Government
vietnamembassy.org.au,Law_and_Government
mici.gob.pa,Law_and_Government
leaplaw.com,Law_and_Government
impressum-recht.de,Law_and_Government
legalservices.gov.uk,Law_and_Government
fedbar.org,Law_and_Government
santacruzcourt.org,Law_and_Government
dpc.vic.gov.au,Law_and_Government
govern.ad,Law_and_Government
fmc.gov,Law_and_Government
casselsbrock.com,Law_and_Government
worcester.gov.uk,Law_and_Government
mincom.gov.ma,Law_and_Government
cityofracine.org,Law_and_Government
becker-poliakoff.com,Law_and_Government
nigeria-law.org,Law_and_Government
alamance-nc.com,Law_and_Government
nmbar.org,Law_and_Government
bennettandbennett.com,Law_and_Government
cwilson.com,Law_and_Government
akd.nl,Law_and_Government
diap.org.br,Law_and_Government
hbsslaw.com,Law_and_Government
nd.gov.hk,Law_and_Government
vorys.com,Law_and_Government
columbialawreview.org,Law_and_Government
mingob.gob.gt,Law_and_Government
bowman.co.za,Law_and_Government
fullertonlaw.com,Law_and_Government
taftlaw.com,Law_and_Government
finland.org,Law_and_Government
mef.gob.pa,Law_and_Government
tnvisaexpert.com,Law_and_Government
schwabe.com,Law_and_Government
government.kz,Law_and_Government
whitfieldcountyga.com,Law_and_Government
schnader.com,Law_and_Government
sevenoaks.gov.uk,Law_and_Government
mobilecountyal.gov,Law_and_Government
nassauclerk.com,Law_and_Government
mtps.gob.sv,Law_and_Government
consulfrance-atlanta.org,Law_and_Government
havant.gov.uk,Law_and_Government
melton.vic.gov.au,Law_and_Government
intermin.fi,Law_and_Government
eriecountygov.org,Law_and_Government
clayclerk.com,Law_and_Government
cbalaw.org,Law_and_Government
avia.gov.ua,Law_and_Government
koehlerlaw.net,Law_and_Government
brak.de,Law_and_Government
foodsafety.gov,Law_and_Government
splcenter.org,Law_and_Government
associations.gouv.fr,Law_and_Government
cbs.gov.il,Law_and_Government
dswd.gov.ph,Law_and_Government
rti.gov.in,Law_and_Government
presidency.ro,Law_and_Government
tibet.net,Law_and_Government
mapn.ro,Law_and_Government
export.gov.il,Law_and_Government
msq.qld.gov.au,Law_and_Government
mpp.org,Law_and_Government
arc.gov.au,Law_and_Government
hkfsd.gov.hk,Law_and_Government
dh.gov.hk,Law_and_Government
erbrecht-ratgeber.de,Law_and_Government
cheshirefire.gov.uk,Law_and_Government
gambling-law-us.com,Law_and_Government
usgreencardoffice.com,Law_and_Government
americangreencard.com,Law_and_Government
greencard-us.org,Law_and_Government
fuerzasnavales.com,Law_and_Government
dvlottery.org,Law_and_Government
york.gov.uk,Law_and_Government
akorda.kz,Law_and_Government
riigikogu.ee,Law_and_Government
sm.ee,Law_and_Government
izm.gov.lv,Law_and_Government
myfloridacfo.com,Law_and_Government
smida.gov.ua,Law_and_Government
opic.gov,Law_and_Government
passportsandvisas.com,Law_and_Government
georgia.org,Law_and_Government
pptc.gc.ca,Law_and_Government
visahq.ca,Law_and_Government
