amindi.ge,News_and_Media
avpixlat.info,News_and_Media
dcinside.com,News_and_Media
dr.dk,News_and_Media
droni.ge,News_and_Media
ebony.com,News_and_Media
enikos.gr,News_and_Media
ghatreh.com,News_and_Media
glianec.com.ua,News_and_Media
gongzhou.com,News_and_Media
hamariweb.com,News_and_Media
hi-tech.mail.ru,News_and_Media
irishsportsdaily.com,News_and_Media
jlady.ru,News_and_Media
kiskegyed.hu,News_and_Media
malawi24.com,News_and_Media
marieclaire.com,News_and_Media
naver.jp,News_and_Media
ohtuleht.ee,News_and_Media
oudaily.com,News_and_Media
sat24.com,News_and_Media
smashingmagazine.com,News_and_Media
techweb.com.cn,News_and_Media
treehugger.com,News_and_Media
truthorfiction.com,News_and_Media
tuday.ru,News_and_Media
typemag.jp,News_and_Media
vayaface.es,News_and_Media
webplanete.net,News_and_Media
zlin.cz,News_and_Media
inflow.cz,News_and_Media
afro.cz,News_and_Media
folkebladet.dk,News_and_Media
letraslibres.com,News_and_Media
believermag.com,News_and_Media
freemag.ir,News_and_Media
all-story.com,News_and_Media
triquarterly.org,News_and_Media
darial-online.ru,News_and_Media
tangentonline.com,News_and_Media
badattitudes.com,News_and_Media
juked.com,News_and_Media
roommagazine.com,News_and_Media
skippingstones.org,News_and_Media
artefakt.ru,News_and_Media
zvezdaspb.ru,News_and_Media
bachmannpreis.eu,News_and_Media
poetrymagazine.com,News_and_Media
revistafabula.com,News_and_Media
idw-online.de,News_and_Media
rivnepost.rv.ua,News_and_Media
nsk.se,News_and_Media
panorama-mukachevo.com,News_and_Media
kkuriren.se,News_and_Media
nyan.ax,News_and_Media
stormtrack.org,News_and_Media
lantbruk.com,News_and_Media
bioprocessintl.com,News_and_Media
kalush.info,News_and_Media
entreprenor.se,News_and_Media
newenergytimes.com,News_and_Media
techvesti.ru,News_and_Media
internationalen.se,News_and_Media
analytik-news.de,News_and_Media
factcheck.org,News_and_Media
gopusa.com,News_and_Media
vigile.net,News_and_Media
talkleft.com,News_and_Media
mayorwatch.co.uk,News_and_Media
raeson.dk,News_and_Media
knco.com,News_and_Media
intertrends.ru,News_and_Media
infopartisan.net,News_and_Media
ksabz.net,News_and_Media
bitchmagazine.org,News_and_Media
euobserver.com,News_and_Media
baluart.net,News_and_Media
officina.hu,News_and_Media
tolo.ro,News_and_Media
monitorulvn.ro,News_and_Media
horseedmedia.net,News_and_Media
diestandard.at,News_and_Media
jweekly.com,News_and_Media
hpd.de,News_and_Media
commonwealmagazine.org,News_and_Media
popularhistoria.se,News_and_Media
zvj.ro,News_and_Media
bloc.com,News_and_Media
newdawnmagazine.com,News_and_Media
subiectiv.ro,News_and_Media
impactingorj.com,News_and_Media
notav.info,News_and_Media
bns.lt,News_and_Media
voile-rc.com,News_and_Media
aagrapevine.org,News_and_Media
totalhealthmagazine.com,News_and_Media
intouchmag.com,News_and_Media
almksb.com,News_and_Media
jjhuddle.com,News_and_Media
formsante.com.tr,News_and_Media
stadium.ru,News_and_Media
1620thezone.com,News_and_Media
conferenceusa.com,News_and_Media
fcitalia.com,News_and_Media
sportsclick.jp,News_and_Media
georgiastatesports.com,News_and_Media
packinsider.com,News_and_Media
bilard-sport.pl,News_and_Media
fuw.ch,News_and_Media
fondsnieuws.nl,News_and_Media
moneynews.ru,News_and_Media
pcworld.com.tr,News_and_Media
cibercuba.com,News_and_Media
xpats.com,News_and_Media
taiwanfun.com,News_and_Media
turbulenceforecast.com,News_and_Media
hotelnewsresource.com,News_and_Media
wherela.com,News_and_Media
