aasha-online.com,People_and_Society
anastasiadates.com,People_and_Society
assabile.com,People_and_Society
ayi.com,People_and_Society
biblia.com,People_and_Society
crime-scene-photos.com,People_and_Society
crimeinamerica.net,People_and_Society
datingvip.com,People_and_Society
edarling.es,People_and_Society
elittars.hu,People_and_Society
enhommage.fr,People_and_Society
fatakat.com,People_and_Society
flirtcafe.de,People_and_Society
funeralhomesguide.com,People_and_Society
funeralnet.com,People_and_Society
funeralprogram-site.com,People_and_Society
funerals.org,People_and_Society
gay.net,People_and_Society
genealogytoday.com,People_and_Society
gpsgay.com,People_and_Society
jewishgen.org,People_and_Society
kumpello.pl,People_and_Society
lscarolinas.net,People_and_Society
moflirt.com,People_and_Society
munderlohfuneralhome.com,People_and_Society
murdermap.co.uk,People_and_Society
myheritage.nl,People_and_Society
mylerdisability.com,People_and_Society
nacro.org.uk,People_and_Society
ndrn.org,People_and_Society
neptunesociety.com,People_and_Society
newcomeralbany.com,People_and_Society
openbible.info,People_and_Society
quran.com,People_and_Society
russiawomendate.com,People_and_Society
savethechildren.org.uk,People_and_Society
sweenyfuneralhome.ca,People_and_Society
sz-trauer.de,People_and_Society
ukcrimestats.com,People_and_Society
usafederalholidays.com,People_and_Society
wisemoya.com,People_and_Society
youreable.com,People_and_Society
gentlechristianmothers.com,People_and_Society
parentprofiles.com,People_and_Society
childrenshopeint.org,People_and_Society
studioprozeny.cz,People_and_Society
islamtoday.net,People_and_Society
aaslh.org,People_and_Society
patriarchateofalexandria.com,People_and_Society
jesuit.cz,People_and_Society
kyoto-nicco.org,People_and_Society
asistence.org,People_and_Society
historiasdeamor.es,People_and_Society
christliche-autoren.de,People_and_Society
lokis-mythologie.de,People_and_Society
sharpweb.org,People_and_Society
inscribe.org,People_and_Society
mtl-fi.org,People_and_Society
coolearth.org,People_and_Society
volontarbyran.org,People_and_Society
jungatlanta.com,People_and_Society
roman-britain.org,People_and_Society
tha-engliscan-gesithas.org.uk,People_and_Society
woundedwarriorproject.org,People_and_Society
cjcj.org,People_and_Society
christenunie.nl,People_and_Society
praxeology.net,People_and_Society
unicef.org.hk,People_and_Society
halachayomit.co.il,People_and_Society
hias.org,People_and_Society
sintsixtus.be,People_and_Society
pah.org.pl,People_and_Society
odb.org,People_and_Society
catholic.com,People_and_Society
answersingenesis.org,People_and_Society
wfp.org,People_and_Society
al-eman.com,People_and_Society
namazvakti.com,People_and_Society
deathpenaltyinfo.org,People_and_Society
rainn.org,People_and_Society
swissfriends.ch,People_and_Society
charitywatch.org,People_and_Society
saddleback.com,People_and_Society
lesbicanarias.es,People_and_Society
genealodzy.pl,People_and_Society
natashaclub.com,People_and_Society
rafed.net,People_and_Society
lovingfromadistance.com,People_and_Society
shambhala.org,People_and_Society
catholic.org.tw,People_and_Society
anotherfriend.com,People_and_Society
evilbible.com,People_and_Society
truthforlife.org,People_and_Society
kopilochka.net.ru,People_and_Society
yutorah.org,People_and_Society
crs.org,People_and_Society
atheists.org,People_and_Society
uaar.it,People_and_Society
brunstad.org,People_and_Society
urbandharma.org,People_and_Society
thepeerage.com,People_and_Society
dhnet.org.br,People_and_Society
orlutheran.com,People_and_Society
adw.org,People_and_Society
islam-guide.com,People_and_Society
singles.ch,People_and_Society
aomin.org,People_and_Society
chabad.org.br,People_and_Society
antiochian.org,People_and_Society
feminist.com,People_and_Society
mexicancupid.com,People_and_Society
branham.org,People_and_Society
catholicity.com,People_and_Society
parship.fr,People_and_Society
whyislam.org,People_and_Society
breslev.co.il,People_and_Society
newcreation.org.sg,People_and_Society
optina.ru,People_and_Society
dailyzen.com,People_and_Society
onlineclarity.co.uk,People_and_Society
wycliffe.org,People_and_Society
rslan.com,People_and_Society
ercis.ro,People_and_Society
positiveatheism.org,People_and_Society
marriagemindedpeoplemeet.com,People_and_Society
ubdavid.org,People_and_Society
aecf.org,People_and_Society
crossculturalsolutions.org,People_and_Society
zagovory-privoroty.ru,People_and_Society
getreligion.org,People_and_Society
adventistreview.org,People_and_Society
fazilettakvimi.com,People_and_Society
sdrock.com,People_and_Society
kabbalahmedia.info,People_and_Society
thedailybibleverse.org,People_and_Society
santopedia.com,People_and_Society
yunusemre.net,People_and_Society
afsc.org,People_and_Society
ericksonliving.com,People_and_Society
worldwar1.com,People_and_Society
internetmonk.com,People_and_Society
krishna.ru,People_and_Society
268generation.com,People_and_Society
dar-alifta.org,People_and_Society
churchangel.com,People_and_Society
desarrollocristiano.com,People_and_Society
incontrissimi.com,People_and_Society
basilica.ro,People_and_Society
xenu.net,People_and_Society
cybercupido.com,People_and_Society
fidh.org,People_and_Society
personaltao.com,People_and_Society
hiram.be,People_and_Society
myhandicap.de,People_and_Society
novaroma.org,People_and_Society
allaboutprayer.org,People_and_Society
brooklyntabernacle.org,People_and_Society
tbsn.org,People_and_Society
christiantimes.org.hk,People_and_Society
kadampa.org,People_and_Society
wahiduddin.net,People_and_Society
christianet.com,People_and_Society
lutheransonline.com,People_and_Society
mospat.ru,People_and_Society
pointsoflight.org,People_and_Society
thanhsiang.org,People_and_Society
juf.org,People_and_Society
akviloncenter.ru,People_and_Society
dsj.org,People_and_Society
muslimphilosophy.com,People_and_Society
cof.org,People_and_Society
ebenezer.org.gt,People_and_Society
nazarene.org,People_and_Society
urj.org,People_and_Society
nrcprograms.org,People_and_Society
hamburg-hram.de,People_and_Society
gochristfellowship.com,People_and_Society
lcg.org,People_and_Society
theromantic.com,People_and_Society
reinadelcielo.org,People_and_Society
upaya.org,People_and_Society
12stone.com,People_and_Society
drbo.org,People_and_Society
tldm.org,People_and_Society
cafod.org.uk,People_and_Society
pibetaphi.org,People_and_Society
jesucristo.net,People_and_Society
jci.cc,People_and_Society
baysideonline.com,People_and_Society
circlesanctuary.org,People_and_Society
artaseductiei.ro,People_and_Society
sacre-coeur-montmartre.com,People_and_Society
sgi-italia.org,People_and_Society
persecution.org,People_and_Society
cufi.org,People_and_Society
rosarioonline.altervista.org,People_and_Society
joi.org,People_and_Society
aboutbibleprophecy.com,People_and_Society
eqfl.org,People_and_Society
witchesofthecraft.com,People_and_Society
worldchangers.org,People_and_Society
girlsinc.org,People_and_Society
pcog.org,People_and_Society
expreszo.nl,People_and_Society
katolsk.no,People_and_Society
trennungsschmerzen.de,People_and_Society
islam4u.com,People_and_Society
islam.com,People_and_Society
faithandworship.com,People_and_Society
mariereine.com,People_and_Society
discoverrevelation.com,People_and_Society
inner.org,People_and_Society
thenazareneway.com,People_and_Society
homilia.org,People_and_Society
parliamentofreligions.org,People_and_Society
op.org,People_and_Society
wesleyan.org,People_and_Society
mtstcil.org,People_and_Society
custodia.org,People_and_Society
buddhist.ru,People_and_Society
darulfatwa.org.au,People_and_Society
catholic.by,People_and_Society
drbachinese.org,People_and_Society
bible-center.ru,People_and_Society
jiaoyou.com,People_and_Society
archbishopofcanterbury.org,People_and_Society
ajws.org,People_and_Society
althkr.com,People_and_Society
catho.be,People_and_Society
bibleview.org,People_and_Society
nptrust.org,People_and_Society
gkv.nl,People_and_Society
manhunt.com,People_and_Society
hari-katha.org,People_and_Society
lirelabible.net,People_and_Society
dianedew.com,People_and_Society
madd.org,People_and_Society
love-intelligence.fr,People_and_Society
celebraterecovery.com,People_and_Society
befrienders.org,People_and_Society
kolbetorun.eu,People_and_Society
fordfoundation.org,People_and_Society
