2cat.org,Pets_and_Animals
3milliondogs.com,Pets_and_Animals
4lapy.ru,Pets_and_Animals
americanaquariumproducts.com,Pets_and_Animals
birding.hu,Pets_and_Animals
birdweb.org,Pets_and_Animals
chevaux-alsace.fr,Pets_and_Animals
dogbreedslist.info,Pets_and_Animals
dogchannel.com,Pets_and_Animals
drdog.com.br,Pets_and_Animals
elevage-ghisalberti.com,Pets_and_Animals
gesundehunde.com,Pets_and_Animals
haytap.org,Pets_and_Animals
igualdadanimal.org,Pets_and_Animals
jefferspet.com,Pets_and_Animals
karmimypsiaki.pl,Pets_and_Animals
liveaquaria.com,Pets_and_Animals
nestwatch.org,Pets_and_Animals
pedigreedatabase.com,Pets_and_Animals
pet-classifieds.com,Pets_and_Animals
petedge.com,Pets_and_Animals
petwave.com,Pets_and_Animals
planetcatfish.com,Pets_and_Animals
poisson-or.com,Pets_and_Animals
produccion-animal.com.ar,Pets_and_Animals
reefs2go.com,Pets_and_Animals
rescuegroups.org,Pets_and_Animals
saltwaterfish.com,Pets_and_Animals
tomsdog.com,Pets_and_Animals
vetrf.ru,Pets_and_Animals
whole-dog-journal.com,Pets_and_Animals
ninekaow.com,Pets_and_Animals
birdlife.fi,Pets_and_Animals
cagesbydesign.com,Pets_and_Animals
lapagedupoissonrouge.net,Pets_and_Animals
ezydog.com,Pets_and_Animals
allatapro.hu,Pets_and_Animals
coolpetproducts.com,Pets_and_Animals
tomlinsons.com,Pets_and_Animals
labradoodle-breeder.com,Pets_and_Animals
ttouch.com,Pets_and_Animals
haiths.com,Pets_and_Animals
beva.org.uk,Pets_and_Animals
clickersolutions.com,Pets_and_Animals
dogshoppe.net,Pets_and_Animals
centralpetvet.com,Pets_and_Animals
labrador.de,Pets_and_Animals
brightstargsd.org,Pets_and_Animals
planetpooch.com,Pets_and_Animals
gsr-sp.com,Pets_and_Animals
doggiestepsdogtraining.com,Pets_and_Animals
sydneycichlid.com,Pets_and_Animals
remmeer.com,Pets_and_Animals
ohiobassetrescue.org,Pets_and_Animals
greyhoundandlurcherrescue.co.uk,Pets_and_Animals
ratclub.org,Pets_and_Animals
tierheim-gelnhausen.de,Pets_and_Animals
aquaport.ru,Pets_and_Animals
greyhoundprotection.de,Pets_and_Animals
songbird-survival.org.uk,Pets_and_Animals
rainbowlanding.com,Pets_and_Animals
reptarium.cz,Pets_and_Animals
idexx.com,Pets_and_Animals
bto.org,Pets_and_Animals
zfin.org,Pets_and_Animals
zoo.wroclaw.pl,Pets_and_Animals
elephantconservation.org,Pets_and_Animals
wildwhales.org,Pets_and_Animals
raptorresearchfoundation.org,Pets_and_Animals
rockymountaincockerrescue.org,Pets_and_Animals
zoo-rostock.de,Pets_and_Animals
lovasok.hu,Pets_and_Animals
animalhumanesociety.org,Pets_and_Animals
vetopedia.pl,Pets_and_Animals
vogelbescherming.nl,Pets_and_Animals
spca.bc.ca,Pets_and_Animals
farmsanctuary.org,Pets_and_Animals
azhumane.org,Pets_and_Animals
utahhumane.org,Pets_and_Animals
mercyforanimals.org,Pets_and_Animals
rspcansw.org.au,Pets_and_Animals
anticruelty.org,Pets_and_Animals
animalutze.com,Pets_and_Animals
arlboston.org,Pets_and_Animals
pasadenahumane.org,Pets_and_Animals
hakimemehr.ir,Pets_and_Animals
petworld.dk,Pets_and_Animals
find-your-horse.com,Pets_and_Animals
horsekeeping.com,Pets_and_Animals
sheddaquarium.org,Pets_and_Animals
