2paintminiatures.com,Recreation_and_Hobbies
allfreecrochetafghanpatterns.com,Recreation_and_Hobbies
atlanticcigar.com,Recreation_and_Hobbies
bat.com,Recreation_and_Hobbies
cigar-coop.com,Recreation_and_Hobbies
cigarauctioneer.com,Recreation_and_Hobbies
cigarfederation.com,Recreation_and_Hobbies
climbingaway.fr,Recreation_and_Hobbies
edgun.com,Recreation_and_Hobbies
efteling.de,Recreation_and_Hobbies
full30.com,Recreation_and_Hobbies
galcogunleather.com,Recreation_and_Hobbies
henryrifles.com,Recreation_and_Hobbies
hookahjohn.com,Recreation_and_Hobbies
laruetactical.com,Recreation_and_Hobbies
numizmat.ru,Recreation_and_Hobbies
philatelie50.com,Recreation_and_Hobbies
riflegear.com,Recreation_and_Hobbies
rockriverarms.com,Recreation_and_Hobbies
silencershop.com,Recreation_and_Hobbies
tactical-life.com,Recreation_and_Hobbies
tdrnavi.jp,Recreation_and_Hobbies
wdwnt.com,Recreation_and_Hobbies
xikar.com,Recreation_and_Hobbies
kisc.ch,Recreation_and_Hobbies
ncrpa.org,Recreation_and_Hobbies
delmarvacouncil.org,Recreation_and_Hobbies
nebraskafirearms.org,Recreation_and_Hobbies
tophatcigar.com,Recreation_and_Hobbies
iswimnu.de,Recreation_and_Hobbies
tieste.de,Recreation_and_Hobbies
oregonzoo.org,Recreation_and_Hobbies
backwoodsbound.com,Recreation_and_Hobbies
openspace.org,Recreation_and_Hobbies
boomersparks.com,Recreation_and_Hobbies
skibluemt.com,Recreation_and_Hobbies
gunblast.com,Recreation_and_Hobbies
hoyt.com,Recreation_and_Hobbies
airsoft.ua,Recreation_and_Hobbies
bearvalley.com,Recreation_and_Hobbies
hunting-washington.com,Recreation_and_Hobbies
bromley.com,Recreation_and_Hobbies
strike-ball.ru,Recreation_and_Hobbies
plattekill.com,Recreation_and_Hobbies
ukpaintball.co.uk,Recreation_and_Hobbies
neworleanscitypark.com,Recreation_and_Hobbies
longleat.co.uk,Recreation_and_Hobbies
ccusa.com,Recreation_and_Hobbies
cagreatamerica.com,Recreation_and_Hobbies
