almaany.com,Reference
alnam.ru,Reference
archives.bg,Reference
archives18.fr,Reference
archiveshub.ac.uk,Reference
babynames.com,Reference
beenaps.com,Reference
bioenciclopedia.com,Reference
clcohio.org,Reference
connectionarchives.com,Reference
dict.cn,Reference
differenzatra.it,Reference
factvibe.com,Reference
ksml.edu.tw,Reference
naviair.gl,Reference
oxfordlearnersdictionaries.com,Reference
piaf-archives.org,Reference
scask.ru,Reference
sinonimos.com.br,Reference
spiedigitallibrary.org,Reference
studopedia.ru,Reference
terrain360.com,Reference
wdl.org,Reference
translate.ge,Reference
nhm.ac.uk,Reference
pedlib.ru,Reference
sabidurias.com,Reference
kb.dk,Reference
bccls.org,Reference
encyclo.co.uk,Reference
mos.org,Reference
aadl.org,Reference
nlr.ru,Reference
hermitagemuseum.org,Reference
mapcrow.info,Reference
mnemonicdictionary.com,Reference
buffalolib.org,Reference
nlai.ir,Reference
mln.lib.ma.us,Reference
carnegielibrary.org,Reference
nhm.org,Reference
nyhistory.org,Reference
reaganfoundation.org,Reference
trumanlibrary.org,Reference
granddictionnaire.com,Reference
frick.org,Reference
library.by,Reference
dwds.de,Reference
noslang.com,Reference
high.org,Reference
dmns.org,Reference
daytonmetrolibrary.org,Reference
berkeleypubliclibrary.org,Reference
tenement.org,Reference
asihablamos.com,Reference
oaklandlibrary.org,Reference
thejewishmuseum.org,Reference
sdcl.org,Reference
museumca.org,Reference
denverartmuseum.org,Reference
irishgaelictranslator.com,Reference
clevelandart.org,Reference
phrasen.com,Reference
nzdl.org,Reference
hpmuseum.org,Reference
madisonpubliclibrary.org,Reference
kclibrary.org,Reference
nature.ca,Reference
librarypoint.org,Reference
childrensmuseum.org,Reference
marinersmuseum.org,Reference
maoridictionary.co.nz,Reference
euratlas.net,Reference
otrezal.ru,Reference
poudrelibraries.org,Reference
musee-rodin.fr,Reference
icom.museum,Reference
gujaratilexicon.com,Reference
library.ru,Reference
mccord-museum.qc.ca,Reference
marinet.lib.ca.us,Reference
fernbankmuseum.org,Reference
sokr.ru,Reference
vietbando.com.vn,Reference
openarchives.gr,Reference
translation-guide.com,Reference
nma.gov.au,Reference
musee-orangerie.fr,Reference
encyclopedia.am,Reference
dbrl.org,Reference
carnegiemnh.org,Reference
ncartmuseum.org,Reference
nlb.by,Reference
stpaul.lib.mn.us,Reference
sozluk.web.tr,Reference
emilydickinsonmuseum.org,Reference
nrm.org,Reference
museum.wa.gov.au,Reference
spletni-slovar.com,Reference
omahapubliclibrary.org,Reference
crodict.com,Reference
fresnolibrary.org,Reference
aucklandmuseum.com,Reference
jclc.org,Reference
mcl.org,Reference
staedelmuseum.de,Reference
lanepl.org,Reference
nlib.ee,Reference
greenwichlibrary.org,Reference
bowers.org,Reference
freud.org.uk,Reference
infodepot.org,Reference
artbma.org,Reference
biographera.net,Reference
thinktank.ac,Reference
tracpac.ab.ca,Reference
nam.ac.uk,Reference
nationalmuseums.org.uk,Reference
pleasetouchmuseum.org,Reference
sdmart.org,Reference
mocp.org,Reference
lancasterlibraries.org,Reference
aonb.ru,Reference
tobikan.jp,Reference
ebpl.org,Reference
omnimap.com,Reference
statelibraryofiowa.org,Reference
zemelapis.lt,Reference
wichita.lib.ks.us,Reference
chrysler.org,Reference
nhm-wien.ac.at,Reference
mcpl.us,Reference
arapacis.it,Reference
mada.org.il,Reference
chicagochildrensmuseum.org,Reference
worthingtonlibraries.org,Reference
bibliotecavasconcelos.gob.mx,Reference
sspl.org,Reference
thegdl.org,Reference
strawberybanke.org,Reference
nmni.com,Reference
avam.org,Reference
clarelibrary.ie,Reference
indianamuseum.org,Reference
marktwainhouse.org,Reference
bplonline.org,Reference
bronxmuseum.org,Reference
urbandalelibrary.org,Reference
arbicon.ru,Reference
bcpl.org,Reference
marbleskidsmuseum.org,Reference
palsplus.org,Reference
mocanyc.org,Reference
uss-hornet.org,Reference
bmag.org.uk,Reference
lib.sk.ca,Reference
mcasd.org,Reference
wlb-stuttgart.de,Reference
atlapedia.com,Reference
pittsburghkids.org,Reference
rustran.com,Reference
rhpl.org,Reference
logos.it,Reference
library.kr.ua,Reference
pueblolibrary.org,Reference
chi-athenaeum.org,Reference
nlrk.kz,Reference
librarycompany.org,Reference
varchive.org,Reference
folkartmuseum.org,Reference
egyptianmuseum.org,Reference
fvrl.org,Reference
dlibrary.go.kr,Reference
rmsc.org,Reference
onlineatlas.us,Reference
goppion.com,Reference
mumok.at,Reference
alienor.org,Reference
meermanno.nl,Reference
mblwhoilibrary.org,Reference
kerncountylibrary.org,Reference
ussconstitutionmuseum.org,Reference
nmm.ac.uk,Reference
libcoop.net,Reference
moadsf.org,Reference
schokoladenmuseum.de,Reference
hillwoodmuseum.org,Reference
nhmus.hu,Reference
museumofglass.org,Reference
royalalbertamuseum.ca,Reference
stockholmmuseum.com,Reference
millcitymuseum.org,Reference
museodelferrocarril.org,Reference
kunstmuseumbasel.ch,Reference
spbmuseum.ru,Reference
nmajh.org,Reference
samuseum.org,Reference
juming.org.tw,Reference
dict.tw,Reference
fortsmithlibrary.org,Reference
psmuseum.org,Reference
afrikamuseum.nl,Reference
encyclopedia.ru,Reference
parkridgelibrary.org,Reference
portlandcm.org,Reference
samuseum.sa.gov.au,Reference
licm.org,Reference
magichouse.org,Reference
smoca.org,Reference
clintonlibrary.gov,Reference
augustins.org,Reference
crystallakelibrary.org,Reference
museumboerhaave.nl,Reference
nsm.or.th,Reference
glenviewpl.org,Reference
midhudson.org,Reference
davidmus.dk,Reference
shelburnemuseum.org,Reference
ica.org,Reference
nordicmuseum.org,Reference
warplane.com,Reference
nevadaart.org,Reference
mab.lt,Reference
simsburylibrary.info,Reference
portagecounty.lib.oh.us,Reference
museuoscarniemeyer.org.br,Reference
nationalmuseumofmexicanart.org,Reference
friesmuseum.nl,Reference
ukrmap.com.ua,Reference
phm.org.uk,Reference
miamichildrensmuseum.org,Reference
gepl.org,Reference
svkul.cz,Reference
morrismuseum.org,Reference
takemaps.com,Reference
njmuseum.com,Reference
aacamuseum.org,Reference
eastprovidencelibrary.org,Reference
slangsearch.com,Reference
fullertonlibrary.org,Reference
ocm.org,Reference
pbp.poznan.pl,Reference
tallahasseemuseum.org,Reference
mocanomi.org,Reference
dictionar-roman.com,Reference
pequotmuseum.org,Reference
museums.or.ke,Reference
maryrose.org,Reference
smmoa.org,Reference
actonmemoriallibrary.org,Reference
steppingstonesmuseum.org,Reference
abbe-lib.org,Reference
museum.ge,Reference
horaz.com,Reference
kcmuseum.org,Reference
mydictionary.de,Reference
rubricon.com,Reference
museemaillol.com,Reference
gmir.ru,Reference
tesla-museum.org,Reference
kemrsl.ru,Reference
drentsmuseum.nl,Reference
rodmanlibrary.com,Reference
alincoln-library.com,Reference
willard.lib.mi.us,Reference
libsofia.bg,Reference
yusupov-palace.ru,Reference
pcdl.lib.oh.us,Reference
mingei.org,Reference
jcm.museum,Reference
museopicassomalaga.org,Reference
museodiroma.it,Reference
eldoradolibrary.org,Reference
maps-of-mexico.com,Reference
beaverlibraries.org,Reference
lpl.org,Reference
michenermuseum.org,Reference
neanderthal.de,Reference
kiseichu.org,Reference
joneslibrary.org,Reference
harrison.lib.ms.us,Reference
dunedinlibraries.govt.nz,Reference
nmstatelibrary.org,Reference
eureka.org.uk,Reference
bib-info.de,Reference
ainu-museum.or.jp,Reference
kartolog.ru,Reference
slovar.dk,Reference
wittemuseum.org,Reference
bowlingmuseum.com,Reference
tambovlib.ru,Reference
odge.de,Reference
nycfiremuseum.org,Reference
sturgislibrary.org,Reference
alhambralibrary.org,Reference
landesmuseum.de,Reference
meadowsmuseumdallas.org,Reference
greenfieldpubliclibrary.org,Reference
bettendorflibrary.com,Reference
cgwmuseum.org,Reference
akronartmuseum.org,Reference
franklin.lib.oh.us,Reference
nzmuseums.co.nz,Reference
newportlibraryri.org,Reference
dictionaric.com,Reference
erm.ee,Reference
lancaster.lib.pa.us,Reference
rosenbach.org,Reference
liebieghaus.de,Reference
parsippanylibrary.org,Reference
worldtreasures.org,Reference
heritagesquare.org,Reference
theatremuseum.ru,Reference
ncsml.org,Reference
tarjem.com,Reference
arkarts.com,Reference
marktwainmuseum.org,Reference
gatchinapalace.ru,Reference
rovidites.hu,Reference
serrelib.gr,Reference
cedar-falls.lib.ia.us,Reference
caamuseum.org,Reference
opinel-musee.com,Reference
waylibrary.info,Reference
fondation-monet.com,Reference
larzanderson.org,Reference
museopoldipezzoli.it,Reference
jfpl.org,Reference
tessmann.it,Reference
joplinpubliclibrary.org,Reference
bernardslibrary.org,Reference
payphone-directory.org,Reference
aabne-samlinger.dk,Reference
edventure.org,Reference
irclibrary.org,Reference
uebersee-museum.de,Reference
mapquest.de,Reference
museumvereniging.nl,Reference
museot.fi,Reference
childrens-museum.org,Reference
allentownartmuseum.org,Reference
royalsaskmuseum.ca,Reference
friendscardifflibrary.org,Reference
southernmuseum.org,Reference
typewritermuseum.org,Reference
musee-renaissance.fr,Reference
wichitaartmuseum.org,Reference
ull.ac.uk,Reference
museumofrussianicons.org,Reference
fides.org.pl,Reference
museumoftherockies.org,Reference
museodiocesano.it,Reference
maps4u.lt,Reference
morseinstitute.org,Reference
jane-austens-house-museum.org.uk,Reference
hanzidico.com,Reference
philamuseumstore.org,Reference
websterlibrary.org,Reference
dictionare-online.ro,Reference
everson.org,Reference
midlibrary.org,Reference
discoverymuseum.org,Reference
childrenmuseum.org,Reference
maps-eureka.com,Reference
museum.org.tw,Reference
wagnerfreeinstitute.org,Reference
museedemontmartre.fr,Reference
transportmuseumassociation.org,Reference
musnaz.org,Reference
innertemplelibrary.org.uk,Reference
nekrasovka.ru,Reference
presentationmall.com,Reference
museudelapesca.org,Reference
kmol.cz,Reference
canterburymuseum.com,Reference
natuurmuseumbrabant.nl,Reference
timkenmuseum.org,Reference
chikahaku.jp,Reference
dixonlibrary.com,Reference
wonderlab.org,Reference
northwestmuseum.org,Reference
mhms.org,Reference
theelevatormuseum.org,Reference
vmt.org,Reference
ct-trolley.org,Reference
multimap.com,Reference
dictionary.net,Reference
limburgsmuseum.nl,Reference
provizorii.ru,Reference
londonchildrensmuseum.ca,Reference
mnuurwerk.nl,Reference
ilmuseums.com,Reference
themilitarymuseums.ca,Reference
militaria.hu,Reference
kcoyle.net,Reference
grevin.com,Reference
printingmuseum.org,Reference
beeldenaanzee.nl,Reference
eastgreenwichlibrary.org,Reference
ambrosiana.eu,Reference
designinglibraries.org.uk,Reference
childrensdiscoverymuseum.net,Reference
lockwoodmathewsmansion.com,Reference
idevio.com,Reference
rdpl.org,Reference
novgorodmuseum.ru,Reference
natlib.uz,Reference
pencilmuseum.co.uk,Reference
lclsonline.org,Reference
americanmuseum.org,Reference
sauriermuseum.ch,Reference
tularecountylibrary.org,Reference
wenhammuseum.org,Reference
amigosmuseoprado.org,Reference
vertaalwoord.nl,Reference
vestavialibrary.org,Reference
worcesterhistory.org,Reference
scienceworksmuseum.org,Reference
museedesenfants.be,Reference
abbemuseum.org,Reference
windsorlibrary.com,Reference
gnm.se,Reference
bellinghamlibrary.org,Reference
milon.li,Reference
tnla.org,Reference
museum-marseille.org,Reference
sgm.ru,Reference
aagm.co.uk,Reference
ukulele.org,Reference
pfahlbauten.de,Reference
knihovna-se.cz,Reference
nuclearmuseum.org,Reference
bjdclib.com,Reference
sdautomuseum.org,Reference
okmuseums.org,Reference
frenchlegationmuseum.org,Reference
poliglos.info,Reference
lsfm.org,Reference
muzeum-czartoryskich.krakow.pl,Reference
cusslermuseum.com,Reference
nimrah.ru,Reference
ndmi.or.th,Reference
nwrls.lib.fl.us,Reference
elstead.co.uk,Reference
dictionarium.de,Reference
juedisches-museum-muenchen.de,Reference
dict.gr,Reference
toyandminiaturemuseum.org,Reference
sandwichglassmuseum.org,Reference
atlasescolar.com.ar,Reference
scla.org,Reference
barnum-museum.org,Reference
smallmuseum.org,Reference
wtmlib.com,Reference
coam.org.uk,Reference
norskolje.museum.no,Reference
mnhn.lu,Reference
u-434.de,Reference
placesnamed.com,Reference
lehmbruckmuseum.de,Reference
xyzmaps.com,Reference
polarmuseum.ru,Reference
castleairmuseum.org,Reference
map-reading.com,Reference
maravillosarealidad.com,Reference
maps-of-london.com,Reference
thompsonlibrary.com,Reference
uyghurdictionary.org,Reference
sanobi.or.jp,Reference
demuth.org,Reference
map-centre.com.au,Reference
delmnh.org,Reference
somb.ru,Reference
playwilmington.org,Reference
rublev-museum.ru,Reference
mltranslations.org,Reference
frankenmuthmuseum.org,Reference
florencelibrary.org,Reference
libplovdiv.com,Reference
amr-museum.ru,Reference
onelibraryne.org,Reference
fenimoreartmuseum.org,Reference
musee-promenade.fr,Reference
j-muse.or.jp,Reference
willard.lib.in.us,Reference
blokhuispoort.nl,Reference
lutzmuseum.org,Reference
pharmacymuseum.org,Reference
niki-museum.jp,Reference
thesaltandpeppershakermuseum.com,Reference
musee-moreau.fr,Reference
connetquotlibrary.org,Reference
amis-musee-orsay.org,Reference
buckhornmuseum.com,Reference
musserpubliclibrary.org,Reference
museumstuff.com,Reference
kanji.org,Reference
recnik.com,Reference
monroepl.org,Reference
museodelaciudadqro.org,Reference
dennosmuseum.org,Reference
huntmuseum.com,Reference
librarything.com,Reference
poemuseum.org,Reference
gramotey.com,Reference
encyclopaedia-wot.org,Reference
noosfere.com,Reference
archivsf.narod.ru,Reference
rossettiarchive.org,Reference
liljas-library.com,Reference
pls-net.org,Reference
vampyrbibliothek.de,Reference
kleist.org,Reference
medievalenfrance.com,Reference
literaryballadarchive.com,Reference
christianlibraryj.org,Reference
yamadera-basho.jp,Reference
econlib.org,Reference
dreambible.com,Reference
labome.com,Reference
prostir.museum,Reference
populationdata.net,Reference
data-archive.ac.uk,Reference
istone.org,Reference
scots-online.org,Reference
slanger.ru,Reference
lenr-canr.org,Reference
library.kherson.ua,Reference
marxists.org,Reference
bcn.cl,Reference
hcpl.net,Reference
wiw-rf.ru,Reference
dinehere.ca,Reference
wikifur.com,Reference
memoriachilena.cl,Reference
wisconsinhistory.org,Reference
atasozlerianlamlari.com,Reference
genlookups.com,Reference
encyclopedia-titanica.org,Reference
nayiri.com,Reference
mapsofwar.com,Reference
deathreference.com,Reference
identifont.com,Reference
regexlib.com,Reference
thefullwiki.org,Reference
thekingcenter.org,Reference
dico-motscroises.com,Reference
