aplusphysics.com,Science
astrojem.com,Science
biology-forums.com,Science
chemistryviews.org,Science
cmath.fr,Science
derivative-calculator.net,Science
eaufrance.fr,Science
fizyka.pisz.pl,Science
genewiz.com,Science
genomebiology.com,Science
humantouchofchemistry.com,Science
icphysics.com,Science
iucn.org,Science
lightandmatter.com,Science
math93.com,Science
maths-sciences.fr,Science
ncsciencefair.org,Science
oba.org.br,Science
periodni.com,Science
physics.info,Science
physicsgg.me,Science
physicskerala.in,Science
physicsnet.co.uk,Science
physicsoftheuniverse.com,Science
physicspages.com,Science
physicstutorials.org,Science
seasky.org,Science
soils.org,Science
unavco.org,Science
asis.org,Science
informingscience.org,Science
planetarium.cz,Science
hvezdarnapv.cz,Science
cmi.cz,Science
hvezdarnacb.cz,Science
decemsys.de,Science
geodata.org.ua,Science
cas.org,Science
skepticalscience.com,Science
chemicalelements.com,Science
socialresearchmethods.net,Science
mathhelpplanet.com,Science
matheplanet.com,Science
mindat.org,Science
plosgenetics.org,Science
quickmath.com,Science
cellsalive.com,Science
notre-planete.info,Science
chemistryexplained.com,Science
nineplanets.org,Science
bgs.ac.uk,Science
kidsastronomy.com,Science
marinebio.org,Science
humbio.ru,Science
geosociety.org,Science
analemma.com,Science
asbmb.org,Science
sciencecompany.com,Science
ciclops.org,Science
astronomynow.com,Science
novozymes.com,Science
azonano.com,Science
simetric.co.uk,Science
labroots.com,Science
wzb.eu,Science
chabotspace.org,Science
astronomics.com,Science
pik-potsdam.de,Science
wormbook.org,Science
worldwidetelescope.org,Science
abi-physik.de,Science
oneminuteastronomer.com,Science
wiredchemist.com,Science
telescope.org,Science
biolreprod.org,Science
astrosociety.org,Science
signalprocessingsociety.org,Science
archaeoastronomy.com,Science
esrf.eu,Science
chemia.sos.pl,Science
uai.it,Science
atlasoftheuniverse.com,Science
sciencedebate2008.com,Science
astronomyonline.org,Science
math4u.us,Science
gsi.ir,Science
espacioprofundo.com.ar,Science
stargazing.net,Science
mathunion.org,Science
moems.org,Science
versuchschemie.de,Science
gogeometry.com,Science
societyofbiology.org,Science
astronomycentral.co.uk,Science
scopereviews.com,Science
understandingnano.com,Science
stockholmresilience.org,Science
allmath.ru,Science
ras.org.uk,Science
ysi.com,Science
passerelleco.info,Science
epigenie.com,Science
giscafe.com,Science
fizyka.net.pl,Science
orsj.or.jp,Science
cienciasambientales.com,Science
britishscienceassociation.org,Science
sdnnet.ru,Science
co2science.org,Science
fizyka.org,Science
esapubs.org,Science
sicb.org,Science
imo.net,Science
bioimpact.jp,Science
embl-heidelberg.de,Science
systemsbiology.org,Science
avs.org,Science
meteoritemarket.com,Science
biosciencedbc.jp,Science
fizyka.biz,Science
rusnanonet.ru,Science
shvedun.ru,Science
rothamsted.ac.uk,Science
organische-chemie.ch,Science
stemnet.org.uk,Science
mcdonaldobservatory.org,Science
sckcen.be,Science
amsbio.com,Science
emlab.com,Science
hear.org,Science
biomolecula.ru,Science
sciencemadesimple.net,Science
molecularcloning.com,Science
jlsigrist.com,Science
b-i-o-n.ru,Science
geologi.it,Science
satobs.org,Science
portalciencia.net,Science
experimentalchemie.de,Science
skyimagelab.com,Science
scienceiq.com,Science
cogneurosociety.org,Science
iema.net,Science
ipcc-data.org,Science
globalphysics.ru,Science
euroscience.org,Science
mathematik.ch,Science
telescope-optics.net,Science
genelink.com,Science
bioteam.net,Science
cool-science-projects.com,Science
iodp.org,Science
permanent.com,Science
agroscience.com.ua,Science
kakioka-jma.go.jp,Science
setac.org,Science
chemieseiten.de,Science
orgonelab.org,Science
frogs.org.au,Science
theskyscrapers.org,Science
ecolo.org,Science
macroevolution.narod.ru,Science
physnews.com,Science
astronomy.ie,Science
martin-wagner.org,Science
imath.kiev.ua,Science
crewes.org,Science
glaucus.org.uk,Science
marianatrench.com,Science
apm-telescopes.de,Science
fusor.net,Science
zenite.nu,Science
rnasociety.org,Science
astro-physics.com,Science
insects.jp,Science
sfaa.net,Science
gestalttheory.net,Science
mathguide.de,Science
niab.com,Science
bigear.org,Science
gravitycalc.com,Science
wireheading.com,Science
stjarnhimlen.se,Science
biodoen.nl,Science
planetarium.hu,Science
feinstein.com.ar,Science
institut-polaire.fr,Science
oceanfutures.org,Science
midwestlabs.com,Science
chemiestudent.de,Science
skypoint.it,Science
dmtcs.org,Science
waspacegrant.org,Science
neeri.res.in,Science
irpp.org,Science
unep.fr,Science
wilderness.org,Science
astrologi-og-horoskoper.dk,Science
nuforc.org,Science
neavs.org,Science
astrology-online.ru,Science
