air-closet.com,Shopping
akpool.de,Shopping
angelicpretty-usa.com,Shopping
antikhirdeto.hu,Shopping
antiquestoves.us,Shopping
bidfta.com,Shopping
celtwares.com,Shopping
cottonink.co.id,Shopping
daroo.by,Shopping
dotandbo.com,Shopping
e-carnavalskleding.nl,Shopping
ecologics.no,Shopping
ecseri.hu,Shopping
ensogo.com.my,Shopping
evermine.com,Shopping
everydaycarry.com,Shopping
exoticindiaart.com,Shopping
fahrrad-xxl.de,Shopping
fragrantjewels.com,Shopping
fullbeauty.com,Shopping
furniturelandsouth.com,Shopping
giftcards.com,Shopping
gigatronshop.com,Shopping
girlscoutshop.com,Shopping
gsstore.org,Shopping
gutscheincodes.de,Shopping
heirloomroses.com,Shopping
idealo.at,Shopping
indofash.com,Shopping
ingrid.tw,Shopping
khojdeal.com,Shopping
kouponmania.com,Shopping
linenspa.com,Shopping
lolatc.com,Shopping
lucwholesale.com,Shopping
mkf.com,Shopping
mnogomebeli.com,Shopping
modanisa.com,Shopping
myfavoritproducts.com,Shopping
odetothings.com,Shopping
perfectwatches.cn,Shopping
ponudadana.hr,Shopping
pricescope.com,Shopping
primus-versand.de,Shopping
projectwedding.com,Shopping
promopro.com,Shopping
savings-galleria.com,Shopping
secoo.com,Shopping
stevesmusic.com,Shopping
stirworks.com,Shopping
swahilimodern.com,Shopping
swim2000.com,Shopping
sytsma.nl,Shopping
takko.com,Shopping
vianamusica.pt,Shopping
vinted.pl,Shopping
vkwholesale.com,Shopping
wesleyberryflowers.com,Shopping
wholesalesparklers.com,Shopping
wifianswers.com,Shopping
wig-supplier.com,Shopping
wiwaa.com,Shopping
yetang.com,Shopping
melenhorst-antiek.nl,Shopping
spordunyasi.com,Shopping
fitness-park.nl,Shopping
soapmarketonline.com,Shopping
hairbows.com,Shopping
execute.be,Shopping
shopchicagohistory.com,Shopping
jeanswest.com.au,Shopping
wordmagnets.com,Shopping
poem.ro,Shopping
asturias.com,Shopping
korkmaz.com.tr,Shopping
viking-shield.com,Shopping
forcounsel.com,Shopping
cuisinstore.com,Shopping
nesco.com,Shopping
cuisinella.com,Shopping
alittleluxury.com.au,Shopping
spice.lv,Shopping
cetinkaya.com.tr,Shopping
herbivoreclothing.com,Shopping
bragard.fr,Shopping
therainforestsite.com,Shopping
my-svadba.ru,Shopping
somethinggreek.com,Shopping
svadba-msk.ru,Shopping
moderntribe.com,Shopping
mossbros.com,Shopping
sylvane.com,Shopping
dutch-passion.nl,Shopping
eyesave.com,Shopping
discountsurgical.com,Shopping
sporteyes.com,Shopping
pricerite.com.hk,Shopping
tahtakalehobi.com,Shopping
titansupport.com,Shopping
spalding.com,Shopping
sportigan.dk,Shopping
coloradokayak.com,Shopping
wrestlingsuperstore.com,Shopping
aktivsport.hu,Shopping
rebass.jp,Shopping
badmintonwarehouse.com,Shopping
rotogrip.com,Shopping
fightclubstore.com,Shopping
shi.com,Shopping
