activeeurope.com,Sports
activegolf.com,Sports
ardent-peche.com,Sports
asmespoirs-rugby.fr,Sports
aveclexv.com,Sports
basketballinsiders.com,Sports
bdoutdoors.com,Sports
beachvolleyball-bawue.de,Sports
beyondtheboxscore.com,Sports
bigcityvolleyball.com,Sports
bike-forum.cz,Sports
blogderugby.com,Sports
bordeaux-rugby.com,Sports
box-sport-verband.de,Sports
boxeo-boxing.com,Sports
boxingchannel.tv,Sports
boxingreplay.com,Sports
boxingvideo.org,Sports
c25k.com,Sports
cartolafcdicas.com,Sports
cgf.cz,Sports
club-fish.ru,Sports
cyclingweekly.co.uk,Sports
dailybaseballdata.com,Sports
deltapaddlesurf.es,Sports
dragons.jp,Sports
dynastyleaguefootball.com,Sports
enlapelea.com,Sports
ezlinks.com,Sports
faketeams.com,Sports
fftoday.com,Sports
fieldgulls.com,Sports
fisher.spb.ru,Sports
fishingnoob.com,Sports
fishingwithrod.com,Sports
freerun.kz,Sports
futbolfantasy.com,Sports
goldengloves.co.za,Sports
golf-info-guide.com,Sports
golf.de,Sports
golfdo.com,Sports
golflink.com.au,Sports
groupgolfer.com,Sports
hamburg-beach.de,Sports
hmlanding.com,Sports
houstontexans.com,Sports
i-golf.be,Sports
igelsclub.ru,Sports
insidehboboxing.com,Sports
ita.co.il,Sports
jgto.org,Sports
kezdo5.hu,Sports
kora11.com,Sports
landofbasketball.com,Sports
legabasket.it,Sports
littleleague.org,Sports
lonestarball.com,Sports
lookoutlanding.com,Sports
marines.co.jp,Sports
montblancmarathon.net,Sports
myboxingcoach.com,Sports
natationpourtous.com,Sports
neworleanssaints.com,Sports
norskgolf.no,Sports
northwoodsleague.com,Sports
onthegrindboxing.com,Sports
overthemonster.com,Sports
parkourone.com,Sports
parktool.com,Sports
pferd.de,Sports
philadelphiaeagles.com,Sports
realmadrid.com,Sports
rhpositivo.com.ar,Sports
ridsport.se,Sports
roadcyclinguk.com,Sports
rtv-live.org,Sports
rugby-sat.com,Sports
rugbyclubmarseillais.com,Sports
rugbyonslaught.com,Sports
runners-world.pl,Sports
secondsout.com,Sports
skijumping.pl,Sports
sportfishingreport.com,Sports
surfline.com,Sports
surftotal.com,Sports
swimming.org,Sports
t2tennis.com,Sports
teamtraceur.co.uk,Sports
teiken.com,Sports
tennis-navi.jp,Sports
tennis-x.com,Sports
tennisactu.net,Sports
tennisnews.gr,Sports
tennisrecruiting.net,Sports
tennisvlaanderen.be,Sports
tennisworldusa.org,Sports
thaboxingvoice.com,Sports
theartofcoachingvolleyball.com,Sports
theboxingtribune.com,Sports
thesurfingsite.com,Sports
tofight.ru,Sports
tvn-tennis.de,Sports
uci.ch,Sports
ultimate-ski.com,Sports
ultimatetennis.com,Sports
valuegolf.co.jp,Sports
vibrez-rugby-d2.com,Sports
volleyball.no,Sports
volleyballusa.com,Sports
volleyplayers.it,Sports
wearetennis.com,Sports
widnesvikings.co.uk,Sports
womenboxing.com,Sports
worldrugby.org,Sports
worldseriesboxing.com,Sports
worldsurfleague.com,Sports
wwefancouncil.com,Sports
yakult-swallows.co.jp,Sports
glacierraftco.com,Sports
asiadivers.com,Sports
mks-taekwondo.com,Sports
steeleboxer.com,Sports
lothar-leder.de,Sports
fit-defense.de,Sports
fbcostrava.cz,Sports
roman-weidenfeller.de,Sports
wildsoccerbunch.com,Sports
hammarby-if.se,Sports
uc-skidcenter.se,Sports
para2000.org,Sports
vendeeglobe.org,Sports
farevela.net,Sports
eastportyc.org,Sports
basketball.bc.ca,Sports
belmont-stakes.info,Sports
bydgostia.org.pl,Sports
hk1881.com,Sports
basketballmonster.com,Sports
a-league.com.au,Sports
dukebasketballreport.com,Sports
warriorsworld.net,Sports
indiarace.com,Sports
fcbarcelona.cat,Sports
thefalcoholic.com,Sports
realmadrid.am,Sports
football.by,Sports
lnd.it,Sports
barcamania.com,Sports
sugarloaf.com,Sports
d3football.com,Sports
usms.org,Sports
snowboarding.com.ua,Sports
gofrogs.com,Sports
lsufootball.net,Sports
harlemglobetrotters.com,Sports
bikereg.com,Sports
chicago-fire.com,Sports
fcb.ch,Sports
snow.cz,Sports
golf.co.nz,Sports
calciomio.fr,Sports
sanlorenzo.com.ar,Sports
dirtragmag.com,Sports
skirose.com,Sports
lineskis.com,Sports
lkl.lt,Sports
coldhardfootballfacts.com,Sports
eurofootball.ru,Sports
oldtrafford.dk,Sports
golfclubatlas.com,Sports
villanova.com,Sports
tennisnuts.com,Sports
rscl.be,Sports
pacificgolf.co.jp,Sports
kbl.or.kr,Sports
totalfootball.am,Sports
futas.net,Sports
chicagocubsonline.com,Sports
innovadiscs.com,Sports
wwe-world.ru,Sports
trifind.com,Sports
vegalta.co.jp,Sports
santosfc.com.br,Sports
palloliitto.fi,Sports
thepredicament.com,Sports
velo-club.net,Sports
rosebowlstadium.com,Sports
worldsnowboardguide.com,Sports
legavolleyfemminile.it,Sports
totalpackers.com,Sports
americascup.com,Sports
golfly.com.tw,Sports
220triathlon.com,Sports
doghouseboxing.com,Sports
mbaction.com,Sports
mff.se,Sports
redszone.com,Sports
bianchiusa.com,Sports
persianfootball.com,Sports
berkley-fishing.com,Sports
ritcheylogic.com,Sports
arsenal-hkgooner.com,Sports
ecuafutbol.org,Sports
thebaseballcube.com,Sports
imba.com,Sports
dubairugby7s.com,Sports
bif-support.dk,Sports
luleahockey.se,Sports
thesnowcentre.com,Sports
golftechnic.com,Sports
gleneden.on.ca,Sports
fremantlefc.com.au,Sports
swimming.ca,Sports
griffinshockey.com,Sports
harobikes.com,Sports
royals.org,Sports
frolundaindians.com,Sports
footballtransferleague.co.uk,Sports
moldfootball.com,Sports
fightingarts.com,Sports
tennisoff.net,Sports
carving-ski.de,Sports
divisionecalcioa5.it,Sports
vissel-kobe.co.jp,Sports
licey.com,Sports
football-bible.com,Sports
sanga-fc.jp,Sports
steelerfury.com,Sports
hellasverona.it,Sports
atlant-mo.ru,Sports
colnago.com,Sports
ysusports.com,Sports
cascade.org,Sports
independencebowl.org,Sports
hockeyeastonline.com,Sports
tischtennis.de,Sports
pao.gr,Sports
thaigolfer.com,Sports
triatlonchannel.com,Sports
traildevils.ch,Sports
snowdome.co.uk,Sports
zone-rouche.be,Sports
fckuban.ru,Sports
mmafrenzy.com,Sports
ucirvinesports.com,Sports
melbournevictory.com.au,Sports
pvswim.org,Sports
bigapplesoccer.com,Sports
harnesslink.com,Sports
fcdallas.com,Sports
hersheybears.com,Sports
golftipsmag.com,Sports
skimarmot.com,Sports
britishrowing.org,Sports
globaltennisnetwork.com,Sports
albaberlin.de,Sports
ushl.com,Sports
amerks.com,Sports
pickandroll.com.ar,Sports
federciclismo.it,Sports
skisnowvalley.com,Sports
sunbowl.org,Sports
oldhamathletic.co.uk,Sports
yamaiko.com,Sports
watersportverbond.nl,Sports
volleymsk.ru,Sports
kaizerchiefs.com,Sports
allvolleyball.com,Sports
snow-fr.com,Sports
jumping-mechelen.com,Sports
gloucesterrugby.co.uk,Sports
chicagowolves.com,Sports
fclweb.fr,Sports
bristolrugby.co.uk,Sports
calciocatania.it,Sports
richmondspiders.com,Sports
skijanje.hr,Sports
thredbo.com.au,Sports
ussailing.org,Sports
socalswim.org,Sports
alamobowl.com,Sports
fijlkam.it,Sports
dorba.org,Sports
wellingtonphoenix.com,Sports
snowtrails.com,Sports
sigbasket.fr,Sports
runners.ru,Sports
horsequest.co.uk,Sports
world-tt.com,Sports
pedbikeinfo.org,Sports
scvavolleyball.org,Sports
thairunning.com,Sports
osasuna.es,Sports
triplecrownsports.com,Sports
fcbate.by,Sports
superliga.dk,Sports
snow-online.de,Sports
aguilas.com,Sports
ballparkdigest.com,Sports
perthglory.com.au,Sports
russwimming.ru,Sports
vallasen.se,Sports
adelaideunited.com.au,Sports
britishtriathlon.org,Sports
ticats.ca,Sports
criticalgolf.com,Sports
bluegreen.com,Sports
theamericanoutlaws.com,Sports
stvv.com,Sports
laurierathletics.com,Sports
xterraplanet.com,Sports
fk-austria.at,Sports
4dfoot.com,Sports
baskonia.com,Sports
iranbasketball.org,Sports
fiusports.com,Sports
hoophall.com,Sports
fc-dynamo.ru,Sports
connachtrugby.ie,Sports
devinci.com,Sports
footballrenders.com,Sports
usadojo.com,Sports
tullyrunners.com,Sports
pacswim.org,Sports
stampeders.com,Sports
bataljonen.no,Sports
speedplay.com,Sports
hillrunner.com,Sports
saintsrlfc.com,Sports
etoile-du-sahel.com,Sports
roasso-k.com,Sports
hkaaa.com,Sports
warriors.co.uk,Sports
deboedovengo.com,Sports
ballparksofbaseball.com,Sports
wvmat.com,Sports
donnerskiranch.com,Sports
golfnetwork.co.jp,Sports
waterpolo.hu,Sports
scarlets.co.uk,Sports
detroittitans.com,Sports
sharks.com.au,Sports
wpc-wpo.ru,Sports
japan-baseball.jp,Sports
fise.it,Sports
bigwatersedge.com,Sports
goztepe.org.tr,Sports
arsenal-tula.ru,Sports
radsport-aktiv.de,Sports
cycloneshockey.com,Sports
ski49n.com,Sports
hartfordmarathon.com,Sports
packers.jp,Sports
databasebasketball.com,Sports
fcutrecht.net,Sports
golf.nl,Sports
guidetocoachingbasketball.com,Sports
wflv.de,Sports
yokohamafc.com,Sports
roadcycling.cz,Sports
wvv-volleyball.de,Sports
blizzard-ski.com,Sports
pronoweb.be,Sports
fksinfo.com,Sports
fc-gifu.com,Sports
auf.org.uy,Sports
tyrolbasin.com,Sports
volleyball.com,Sports
nonleaguematters.co.uk,Sports
demonland.com,Sports
basketballjapantv.com,Sports
nhwrestling.com,Sports
letsplayhockey.com,Sports
fitri.it,Sports
dctriclub.org,Sports
socawarriors.net,Sports
puttingedge.com,Sports
skatebowl.com,Sports
gencfb.org,Sports
arsenal-bulgaria.com,Sports
echoduvelo.com,Sports
golf.at,Sports
raptors.com,Sports
usdf.org,Sports
pigskinaddiction.com,Sports
soccertutor.com,Sports
marathons.fr,Sports
providencebruins.com,Sports
belogorievolley.ru,Sports
cowboys.com.au,Sports
bchockey.net,Sports
probeg.org,Sports
surfcorner.it,Sports
ctfc.com,Sports
volleyvvb.be,Sports
skipasslivigno.com,Sports
canadianbaseballnetwork.com,Sports
soccerwinners.com,Sports
furnacecreekresort.com,Sports
