exploredowntown.org,Travel
jetradar.com,Travel
lifestylecollection.com,Travel
tripping.com,Travel
waikiki.com,Travel
trekkerhut.com,Travel
vyletnik.cz,Travel
pecpodsnezkou.cz,Travel
mestojablonec.cz,Travel
trebonsko.cz,Travel
hanko.fi,Travel
visitnorman.com,Travel
region-vysocina.cz,Travel
krusnohorci.net,Travel
bauhaus-center.com,Travel
tyrkiet.se,Travel
goteborg.com,Travel
stromma.se,Travel
freudenstadt.de,Travel
visitumea.se,Travel
terviseparadiis.ee,Travel
zaharberkut.net,Travel
ikaalinen.fi,Travel
kimitoon.fi,Travel
nykarleby.fi,Travel
sulkava.fi,Travel
hovfjallet.se,Travel
destinationskelleftea.se,Travel
hotelskansen.se,Travel
massport.com,Travel
mydelraybeach.com,Travel
maolin-nsa.gov.tw,Travel
visitwinchester.co.uk,Travel
tabardinn.com,Travel
forgotten-ny.com,Travel
aditec.ru,Travel
tropicanalv.com,Travel
winriver.com,Travel
palazzolasvegas.com,Travel
ballyslv.com,Travel
redrocklasvegas.com,Travel
holidayvalley.com,Travel
skilouise.com,Travel
flaine.com,Travel
monts-jura.com,Travel
merinet.com,Travel
kickinghorseresort.com,Travel
yllas.fi,Travel
walkingbritain.co.uk,Travel
hiddenvalleyresort.com,Travel
ifyouski.com,Travel
livigno.com,Travel
leesferry.com,Travel
raggedmountainresort.com,Travel
ucpa.se,Travel
australia.com,Travel
511.org,Travel
venezuelatuya.com,Travel
killington.com,Travel
lawa.org,Travel
neworleansonline.com,Travel
thomascook.be,Travel
kimptonhotels.com,Travel
jejuair.net,Travel
floridastateparks.org,Travel
boston-discovery-guide.com,Travel
colorado.com,Travel
traveltainment.de,Travel
moevenpick-hotels.com,Travel
fla-keys.com,Travel
pilot.ua,Travel
istanbul.com,Travel
portseattle.org,Travel
stickmanbangkok.com,Travel
aruba.com,Travel
visitnc.com,Travel
andalucia.org,Travel
sleeping-out.co.za,Travel
edinburghairport.com,Travel
abudhabiairport.ae,Travel
serre-chevalier.com,Travel
forestholidays.co.uk,Travel
travel-culture.com,Travel
mspairport.com,Travel
coolantarctica.com,Travel
onlinetour.co.kr,Travel
visitmelbourne.com,Travel
neworleanscvb.com,Travel
phl.org,Travel
altiservice.com,Travel
visitportugal.com,Travel
incredibleindia.org,Travel
gruene-insel.de,Travel
colonialwilliamsburg.com,Travel
fvw.de,Travel
cph-hotels.com,Travel
actv.it,Travel
visitraleigh.com,Travel
yoldaolmak.com,Travel
visittucson.org,Travel
hobbitontours.com,Travel
glasgowairport.com,Travel
travelalaska.com,Travel
staedte-info.net,Travel
normandie-tourisme.fr,Travel
karismahotels.com,Travel
discovernorthernireland.com,Travel
chicagotraveler.com,Travel
arp-hansen.dk,Travel
clippervacations.com,Travel
friendlyplanet.com,Travel
destinationhotels.com,Travel
expeditions.com,Travel
sandiego.com,Travel
niagarafallslive.com,Travel
discovernewengland.org,Travel
turismo.gub.uy,Travel
visitflorence.com,Travel
bulgariaski.com,Travel
riga-airport.com,Travel
vinow.com,Travel
anaheimoc.org,Travel
moon.com,Travel
hyderabad.aero,Travel
visitalexandriava.com,Travel
visitphoenix.com,Travel
eurorelais.nl,Travel
hawaiiactivities.com,Travel
postranchinn.com,Travel
msccroisieres.fr,Travel
godubai.com,Travel
khaosan-tokyo.com,Travel
tourismvictoria.com,Travel
romaniatourism.com,Travel
val-gardena.com,Travel
puertovallarta.net,Travel
youthhostel.ch,Travel
sydney.com.au,Travel
vakantiereiswijzer.nl,Travel
vianica.com,Travel
costa-rica-guide.com,Travel
southamptonairport.com,Travel
fredolsencruises.com,Travel
travelking.com.tw,Travel
touringclub.it,Travel
sundanceresort.com,Travel
villarddelans.com,Travel
scottdunn.com,Travel
turgalicia.es,Travel
walks.com,Travel
newmexico.org,Travel
denver.com,Travel
texasescapes.com,Travel
esenbogaairport.com,Travel
italyguides.it,Travel
traveltex.com,Travel
wallypark.com,Travel
blogs-de-voyage.fr,Travel
lomamatkat.fi,Travel
vacationscostarica.com,Travel
go-today.com,Travel
losangeles.com,Travel
eximtur.ro,Travel
hawaii-arukikata.com,Travel
alcatraztickets.com,Travel
sunsail.com,Travel
bigbearvacations.com,Travel
suedtirol.com,Travel
daytrippen.com,Travel
d57travel.com,Travel
ststravel.com,Travel
brewster.ca,Travel
stowemountainlodge.com,Travel
turksandcaicostourism.com,Travel
bangkokairportonline.com,Travel
visitbend.com,Travel
welcomenepal.com,Travel
travelyucatan.com,Travel
yha.co.nz,Travel
bookit.com.ua,Travel
cotedazur-tourisme.com,Travel
bransontourismcenter.com,Travel
newyorkpalace.com,Travel
nantes-tourisme.com,Travel
gauteng.net,Travel
madonnainn.com,Travel
cvgairport.com,Travel
okura.nl,Travel
columbiacvb.com,Travel
flynashville.com,Travel
seehawaiilive.com,Travel
tenayalodge.com,Travel
canadianmountainholidays.com,Travel
usitcolours.bg,Travel
